unit,inet_tec,terrtypo,geo\time	2021 	2020 	2019 	2018 	2017 	2016 	2015 	2014 	2013 
PC_HH,5G,DEG3,AT	36.3 	7.5 	: 	: 	: 	: 	: 	: 	: 
PC_HH,5G,DEG3,BE	0 	0 	: 	: 	: 	: 	: 	: 	: 
PC_HH,5G,DEG3,BG	8.6 	0 	: 	: 	: 	: 	: 	: 	: 
PC_HH,5G,DEG3,CH	88.8 	40 	: 	: 	: 	: 	: 	: 	: 
PC_HH,5G,DEG3,CY	32.2 	0 	: 	: 	: 	: 	: 	: 	: 
PC_HH,5G,DEG3,CZ	43.3 	0 	: 	: 	: 	: 	: 	: 	: 
PC_HH,5G,DEG3,DE	49.4 	0.8 	: 	: 	: 	: 	: 	: 	: 
PC_HH,5G,DEG3,DK	98 	75 	: 	: 	: 	: 	: 	: 	: 
PC_HH,5G,DEG3,EE	1.5 	0 	: 	: 	: 	: 	: 	: 	: 
PC_HH,5G,DEG3,EL	17.3 	0 	: 	: 	: 	: 	: 	: 	: 
PC_HH,5G,DEG3,ES	24.8 	0 	: 	: 	: 	: 	: 	: 	: 
PC_HH,5G,DEG3,EU27_2020	34.7 	1.5 	: 	: 	: 	: 	: 	: 	: 
PC_HH,5G,DEG3,FI	18.9 	0 	: 	: 	: 	: 	: 	: 	: 
PC_HH,5G,DEG3,FR	48.2 	0 	: 	: 	: 	: 	: 	: 	: 
PC_HH,5G,DEG3,HR	9.3 	0 	: 	: 	: 	: 	: 	: 	: 
PC_HH,5G,DEG3,HU	7 	0 	: 	: 	: 	: 	: 	: 	: 
PC_HH,5G,DEG3,IE	36.2 	0 	: 	: 	: 	: 	: 	: 	: 
PC_HH,5G,DEG3,IS	6.7 	0 	: 	: 	: 	: 	: 	: 	: 
PC_HH,5G,DEG3,IT	99.8 	0 	: 	: 	: 	: 	: 	: 	: 
PC_HH,5G,DEG3,LT	0.8 	0 	: 	: 	: 	: 	: 	: 	: 
PC_HH,5G,DEG3,LU	6.7 	0 	: 	: 	: 	: 	: 	: 	: 
PC_HH,5G,DEG3,LV	0 	0 	: 	: 	: 	: 	: 	: 	: 
PC_HH,5G,DEG3,MT	0 	0 	: 	: 	: 	: 	: 	: 	: 
PC_HH,5G,DEG3,NL	96.8 	29.1 	: 	: 	: 	: 	: 	: 	: 
PC_HH,5G,DEG3,NO	4.5 	0 	: 	: 	: 	: 	: 	: 	: 
PC_HH,5G,DEG3,PL	13.5 	0 	: 	: 	: 	: 	: 	: 	: 
PC_HH,5G,DEG3,PT	0 	0 	: 	: 	: 	: 	: 	: 	: 
PC_HH,5G,DEG3,RO	2 	0 	: 	: 	: 	: 	: 	: 	: 
PC_HH,5G,DEG3,SE	0.5 	0 	: 	: 	: 	: 	: 	: 	: 
PC_HH,5G,DEG3,SI	2.8 	0 	: 	: 	: 	: 	: 	: 	: 
PC_HH,5G,DEG3,SK	2.4 	0 	: 	: 	: 	: 	: 	: 	: 
PC_HH,5G,DEG3,UK	4.4 	0 	: 	: 	: 	: 	: 	: 	: 
PC_HH,5G,TOTAL,AT	76.8 	50 	: 	: 	: 	: 	: 	: 	: 
PC_HH,5G,TOTAL,BE	4.2 	4.4 	: 	: 	: 	: 	: 	: 	: 
PC_HH,5G,TOTAL,BG	40.1 	0 	: 	: 	: 	: 	: 	: 	: 
PC_HH,5G,TOTAL,CH	94.6 	89.2 	: 	: 	: 	: 	: 	: 	: 
PC_HH,5G,TOTAL,CY	75 	0 	: 	: 	: 	: 	: 	: 	: 
PC_HH,5G,TOTAL,CZ	49.4 	0 	: 	: 	: 	: 	: 	: 	: 
PC_HH,5G,TOTAL,DE	86.5 	17.8 	: 	: 	: 	: 	: 	: 	: 
PC_HH,5G,TOTAL,DK	98 	80 	: 	: 	: 	: 	: 	: 	: 
PC_HH,5G,TOTAL,EE	18.3 	0 	: 	: 	: 	: 	: 	: 	: 
PC_HH,5G,TOTAL,EL	66.1 	0 	: 	: 	: 	: 	: 	: 	: 
PC_HH,5G,TOTAL,ES	58.9 	12.5 	: 	: 	: 	: 	: 	: 	: 
PC_HH,5G,TOTAL,EU27_2020	65.8 	13.9 	: 	: 	: 	: 	: 	: 	: 
PC_HH,5G,TOTAL,FI	71.6 	12.4 	: 	: 	: 	: 	: 	: 	: 
PC_HH,5G,TOTAL,FR	74.4 	0 	: 	: 	: 	: 	: 	: 	: 
PC_HH,5G,TOTAL,HR	33.8 	0 	: 	: 	: 	: 	: 	: 	: 
PC_HH,5G,TOTAL,HU	17.6 	7.3 	: 	: 	: 	: 	: 	: 	: 
PC_HH,5G,TOTAL,IE	72.1 	30.5 	: 	: 	: 	: 	: 	: 	: 
PC_HH,5G,TOTAL,IS	41 	0 	: 	: 	: 	: 	: 	: 	: 
PC_HH,5G,TOTAL,IT	99.7 	8.1 	: 	: 	: 	: 	: 	: 	: 
PC_HH,5G,TOTAL,LT	33.3 	0 	: 	: 	: 	: 	: 	: 	: 
PC_HH,5G,TOTAL,LU	12.7 	0 	: 	: 	: 	: 	: 	: 	: 
PC_HH,5G,TOTAL,LV	0 	0 	: 	: 	: 	: 	: 	: 	: 
PC_HH,5G,TOTAL,MT	20 	0 	: 	: 	: 	: 	: 	: 	: 
PC_HH,5G,TOTAL,NL	97 	80 	: 	: 	: 	: 	: 	: 	: 
PC_HH,5G,TOTAL,NO	23.8 	2.4 	: 	: 	: 	: 	: 	: 	: 
PC_HH,5G,TOTAL,PL	34.2 	10.3 	: 	: 	: 	: 	: 	: 	: 
PC_HH,5G,TOTAL,PT	0 	0 	: 	: 	: 	: 	: 	: 	: 
PC_HH,5G,TOTAL,RO	24.9 	11.7 	: 	: 	: 	: 	: 	: 	: 
PC_HH,5G,TOTAL,SE	17.7 	13.6 	: 	: 	: 	: 	: 	: 	: 
PC_HH,5G,TOTAL,SI	36.6 	0 	: 	: 	: 	: 	: 	: 	: 
PC_HH,5G,TOTAL,SK	13.8 	0 	: 	: 	: 	: 	: 	: 	: 
PC_HH,5G,TOTAL,UK	37.9 	20.4 	: 	: 	: 	: 	: 	: 	: 
PC_HH,BB,DEG3,AT	: 	: 	: 	99.6 	98 	97.6 	94.8 	94.8 	94.7 
PC_HH,BB,DEG3,BE	: 	: 	: 	99.9 	99.9 	99.8 	99.4 	99.5 	99.6 
PC_HH,BB,DEG3,BG	: 	: 	: 	100 	100 	100 	99.9 	99.3 	99.3 
PC_HH,BB,DEG3,CH	: 	: 	: 	99.9 	99.9 	99.8 	99.6 	99.6 	99.2 
PC_HH,BB,DEG3,CY	: 	: 	: 	100 	100 	100 	100 	100 	100 
PC_HH,BB,DEG3,CZ	: 	: 	: 	99.3 	98.8 	98 	94.4 	94.4 	92.3 
PC_HH,BB,DEG3,DE	: 	: 	: 	99.1 	98.8 	98.8 	98.8 	97.7 	99 
PC_HH,BB,DEG3,DK	: 	: 	: 	100 	100 	99.8 	98.6 	99.5 	99.5 
PC_HH,BB,DEG3,EE	: 	: 	: 	99.6 	99.7 	99.4 	99.4 	99.1 	99.3 
PC_HH,BB,DEG3,EL	: 	: 	: 	99.2 	98.8 	98.1 	99.4 	99.3 	99.7 
PC_HH,BB,DEG3,ES	: 	: 	: 	99.8 	99.8 	99.4 	99.2 	99.2 	97.8 
PC_HH,BB,DEG3,EU27_2020	: 	: 	: 	99.7 	99.4 	99.1 	98.5 	98.1 	97 
PC_HH,BB,DEG3,FI	: 	: 	: 	99.9 	100 	100 	100 	98.6 	98.6 
PC_HH,BB,DEG3,FR	: 	: 	: 	100 	100 	99.9 	99.8 	99.8 	99.6 
PC_HH,BB,DEG3,HR	: 	: 	: 	99.5 	99 	98.3 	95.9 	95.4 	92 
PC_HH,BB,DEG3,HU	: 	: 	: 	99.4 	99.4 	98.7 	97.3 	97.1 	95.1 
PC_HH,BB,DEG3,IE	: 	: 	: 	99.4 	99.8 	99 	95 	95 	95.2 
PC_HH,BB,DEG3,IS	: 	: 	: 	100 	99.7 	99.6 	98 	97.8 	96.6 
PC_HH,BB,DEG3,IT	: 	: 	: 	99.7 	98.4 	98.2 	96.7 	95.7 	95.2 
PC_HH,BB,DEG3,LT	: 	: 	: 	99.4 	99.2 	98.9 	98.4 	98.1 	94.1 
PC_HH,BB,DEG3,LU	: 	: 	: 	100 	99.9 	99.9 	100 	100 	100 
PC_HH,BB,DEG3,LV	: 	: 	: 	100 	100 	100 	98.7 	98.7 	98.3 
PC_HH,BB,DEG3,MT	: 	: 	: 	100 	100 	100 	100 	100 	100 
PC_HH,BB,DEG3,NL	: 	: 	: 	99.7 	99.7 	99.1 	99.1 	98.8 	95.3 
PC_HH,BB,DEG3,NO	: 	: 	: 	99.8 	99.9 	100 	97.8 	97.5 	92 
PC_HH,BB,DEG3,PL	: 	: 	: 	100 	100 	100 	99.5 	99.3 	94.7 
PC_HH,BB,DEG3,PT	: 	: 	: 	99.7 	98.8 	97.8 	98.9 	99 	98.9 
PC_HH,BB,DEG3,RO	: 	: 	: 	100 	100 	100 	99.7 	99.6 	99.7 
PC_HH,BB,DEG3,SE	: 	: 	: 	100 	100 	100 	98.2 	98.2 	98.7 
PC_HH,BB,DEG3,SI	: 	: 	: 	100 	99.5 	99.3 	99.1 	98.5 	97.1 
PC_HH,BB,DEG3,SK	: 	: 	: 	96.4 	94.1 	91.6 	91.6 	89.1 	84.5 
PC_HH,BB,DEG3,UK	: 	: 	: 	100 	100 	99.9 	99.9 	99.9 	99.9 
PC_HH,BB,TOTAL,AT	: 	: 	: 	99.8 	99.7 	99.7 	99.3 	99.3 	99.2 
PC_HH,BB,TOTAL,BE	: 	: 	: 	100 	100 	100 	99.9 	99.9 	99.9 
PC_HH,BB,TOTAL,BG	: 	: 	: 	100 	100 	100 	100 	99.9 	99.8 
PC_HH,BB,TOTAL,CH	: 	: 	: 	100 	100 	100 	99.9 	99.9 	99.9 
PC_HH,BB,TOTAL,CY	: 	: 	: 	100 	100 	100 	100 	100 	100 
PC_HH,BB,TOTAL,CZ	: 	: 	: 	99.6 	99.5 	99.3 	99.2 	99.2 	98.9 
PC_HH,BB,TOTAL,DE	: 	: 	: 	99.9 	99.9 	99.9 	99.9 	97.9 	99.9 
PC_HH,BB,TOTAL,DK	: 	: 	: 	100 	100 	100 	99.5 	99.5 	99.7 
PC_HH,BB,TOTAL,EE	: 	: 	: 	99.8 	99.6 	99.5 	99.5 	99.7 	99.8 
PC_HH,BB,TOTAL,EL	: 	: 	: 	99.8 	99.7 	99.6 	99.9 	99.9 	99.9 
PC_HH,BB,TOTAL,ES	: 	: 	: 	100 	99.9 	99.9 	99.8 	99.8 	99.6 
PC_HH,BB,TOTAL,EU27_2020	: 	: 	: 	99.9 	99.9 	99.8 	99.7 	99.2 	99.4 
PC_HH,BB,TOTAL,FI	: 	: 	: 	100 	99.9 	100 	100 	99.8 	99.8 
PC_HH,BB,TOTAL,FR	: 	: 	: 	100 	100 	100 	100 	100 	99.9 
PC_HH,BB,TOTAL,HR	: 	: 	: 	99.9 	99.7 	99.6 	99.1 	99 	97.6 
PC_HH,BB,TOTAL,HU	: 	: 	: 	99.8 	99.8 	99.6 	99.1 	99.1 	98.5 
PC_HH,BB,TOTAL,IE	: 	: 	: 	99.3 	99.7 	99.6 	97.6 	97.6 	97.6 
PC_HH,BB,TOTAL,IS	: 	: 	: 	100 	98.2 	98.1 	97.7 	97.1 	97.1 
PC_HH,BB,TOTAL,IT	: 	: 	: 	100 	99.8 	99.8 	99.6 	99.4 	98.8 
PC_HH,BB,TOTAL,LT	: 	: 	: 	99.7 	99.6 	99.5 	99.5 	99.4 	98.6 
PC_HH,BB,TOTAL,LU	: 	: 	: 	100 	100 	100 	100 	100 	100 
PC_HH,BB,TOTAL,LV	: 	: 	: 	100 	100 	100 	99.6 	99.6 	99.5 
PC_HH,BB,TOTAL,MT	: 	: 	: 	100 	100 	100 	100 	100 	100 
PC_HH,BB,TOTAL,NL	: 	: 	: 	99.7 	99.8 	99.7 	99.7 	99.7 	99.7 
PC_HH,BB,TOTAL,NO	: 	: 	: 	99.9 	100 	100 	99.5 	99.3 	98.6 
PC_HH,BB,TOTAL,PL	: 	: 	: 	100 	100 	100 	99.8 	99.8 	98.1 
PC_HH,BB,TOTAL,PT	: 	: 	: 	99.6 	99.2 	99.4 	99.5 	99.6 	99.7 
PC_HH,BB,TOTAL,RO	: 	: 	: 	100 	100 	100 	99.9 	99.8 	99.9 
PC_HH,BB,TOTAL,SE	: 	: 	: 	100 	100 	100 	99.5 	99.5 	99.8 
PC_HH,BB,TOTAL,SI	: 	: 	: 	100 	99.9 	99.8 	99.7 	99.6 	99.3 
PC_HH,BB,TOTAL,SK	: 	: 	: 	98.7 	98.2 	95.9 	95.9 	95.9 	93.3 
PC_HH,BB,TOTAL,UK	: 	: 	: 	100 	99.9 	99.9 	100 	100 	100 
PC_HH,BB_FX,DEG3,AT	95.6 	98 	98 	98 	94.8 	94.8 	94.7 	94.7 	94.4 
PC_HH,BB_FX,DEG3,BE	97.7 	98.8 	99 	98.7 	98.7 	98.5 	99.4 	99.4 	99.6 
PC_HH,BB_FX,DEG3,BG	93.6 	87.9 	85.2 	84 	82.5 	80.8 	81.2 	80 	70.6 
PC_HH,BB_FX,DEG3,CH	99.6 	99.5 	98.6 	98.6 	98.6 	99 	99 	99 	98.3 
PC_HH,BB_FX,DEG3,CY	100 	100 	100 	100 	100 	100 	100 	100 	100 
PC_HH,BB_FX,DEG3,CZ	99.6 	99.2 	98.2 	94.1 	94.8 	94.7 	90.4 	90.3 	90.1 
PC_HH,BB_FX,DEG3,DE	97.5 	94.9 	92.8 	89.6 	89.1 	89 	88.2 	87.6 	87 
PC_HH,BB_FX,DEG3,DK	98.6 	98.4 	98 	97.9 	97.5 	96.7 	96.2 	97.5 	93.3 
PC_HH,BB_FX,DEG3,EE	78.6 	77.3 	77 	76.1 	72.9 	72.7 	73 	70 	60.7 
PC_HH,BB_FX,DEG3,EL	96.1 	96.5 	98.1 	96.3 	87.2 	78.4 	77.3 	76.1 	75.2 
PC_HH,BB_FX,DEG3,ES	93.8 	92.9 	93.3 	92.9 	92.5 	92.1 	90.5 	91.6 	94.3 
PC_HH,BB_FX,DEG3,EU27_2020	91.5 	89.6 	88.8 	87.2 	86.1 	85.4 	84.6 	84.1 	83.9 
PC_HH,BB_FX,DEG3,FI	82.4 	83.1 	84.1 	84.3 	84 	84 	83.9 	83.2 	81.7 
PC_HH,BB_FX,DEG3,FR	99.9 	100 	100 	100 	100 	99.7 	99 	99 	98.4 
PC_HH,BB_FX,DEG3,HR	99.4 	99.4 	99.4 	99.4 	97.4 	89.4 	89.2 	88 	84 
PC_HH,BB_FX,DEG3,HU	95.9 	95.4 	94.6 	91.6 	86.8 	85.9 	85.5 	83.3 	83.3 
PC_HH,BB_FX,DEG3,IE	97 	96.2 	96.1 	95 	94.8 	93.3 	93.3 	93.3 	93.5 
PC_HH,BB_FX,DEG3,IS	88 	93.5 	91.8 	85 	86.1 	83.1 	82.1 	82 	78.6 
PC_HH,BB_FX,DEG3,IT	99.1 	98.2 	97.3 	97.4 	94.8 	94.3 	94 	93.1 	95.2 
PC_HH,BB_FX,DEG3,LT	64 	66.7 	65.5 	66.3 	63.8 	61.3 	59.8 	58.3 	56.1 
PC_HH,BB_FX,DEG3,LU	100 	100 	100 	100 	99.9 	99.9 	100 	100 	100 
PC_HH,BB_FX,DEG3,LV	94.1 	93.9 	93.9 	83.4 	82.7 	83.3 	77.8 	75.9 	74.1 
PC_HH,BB_FX,DEG3,MT	100 	100 	100 	100 	100 	100 	100 	100 	100 
PC_HH,BB_FX,DEG3,NL	99.6 	98.9 	98.9 	98.9 	98.9 	98.9 	98.9 	98.9 	98.9 
PC_HH,BB_FX,DEG3,NO	91 	96.8 	93.8 	86.2 	74.7 	75.4 	77.4 	81.7 	86.8 
PC_HH,BB_FX,DEG3,PL	69.8 	63.8 	62.2 	57.8 	55.4 	55.2 	55.1 	54.4 	53.8 
PC_HH,BB_FX,DEG3,PT	90.5 	90 	89.2 	92.8 	92.7 	88.2 	84.1 	82.9 	80.7 
PC_HH,BB_FX,DEG3,RO	89 	82.9 	79.3 	79.6 	82.7 	82.3 	80.5 	80.2 	78.2 
PC_HH,BB_FX,DEG3,SE	80.6 	81.3 	80.5 	80.8 	85.4 	92.8 	92.2 	92.2 	91.8 
PC_HH,BB_FX,DEG3,SI	96 	96 	95.5 	93.3 	92.5 	92.2 	90.1 	88.2 	83.8 
PC_HH,BB_FX,DEG3,SK	97.1 	97.2 	93.3 	88.3 	88 	85.5 	83 	76.6 	71.8 
PC_HH,BB_FX,DEG3,UK	99 	100 	100 	100 	100 	100 	100 	100 	100 
PC_HH,BB_FX,TOTAL,AT	99 	98.9 	99.3 	99.3 	99.2 	99.2 	99.2 	99.2 	99.1 
PC_HH,BB_FX,TOTAL,BE	99.7 	99.9 	100 	99.9 	99.9 	99.9 	99.9 	99.9 	99.9 
PC_HH,BB_FX,TOTAL,BG	97.3 	95.7 	95.6 	95.5 	95.2 	95.2 	95.2 	95.1 	92.5 
PC_HH,BB_FX,TOTAL,CH	99.9 	99.9 	99.8 	99.8 	99.8 	99.8 	99.8 	99.8 	99.8 
PC_HH,BB_FX,TOTAL,CY	100 	100 	100 	100 	100 	100 	100 	100 	100 
PC_HH,BB_FX,TOTAL,CZ	99.9 	99.8 	97.4 	97.7 	98.4 	98.7 	97.6 	97.5 	97.5 
PC_HH,BB_FX,TOTAL,DE	99.5 	99 	98.6 	97.5 	97.7 	97.7 	97.4 	97 	96.6 
PC_HH,BB_FX,TOTAL,DK	99.6 	99.6 	99 	99.5 	99.5 	99.3 	99 	99.1 	99.1 
PC_HH,BB_FX,TOTAL,EE	93 	93 	90.9 	90.9 	90.8 	90.9 	86.8 	86 	85.1 
PC_HH,BB_FX,TOTAL,EL	99.4 	99.2 	99.5 	96.4 	96.2 	95.6 	95.4 	95.1 	94.5 
PC_HH,BB_FX,TOTAL,ES	96.4 	95.5 	95.6 	96.1 	95.7 	95.5 	95.1 	95.1 	96.5 
PC_HH,BB_FX,TOTAL,EU27_2020	97.9 	97.4 	96.7 	96.3 	96.3 	96.3 	96 	95.8 	95.7 
PC_HH,BB_FX,TOTAL,FI	89.9 	93.5 	93.5 	94.4 	97 	97 	97 	97 	96.7 
PC_HH,BB_FX,TOTAL,FR	99.9 	100 	100 	100 	100 	100 	99.8 	99.7 	99.7 
PC_HH,BB_FX,TOTAL,HR	99.9 	99.9 	99.9 	99.9 	99.3 	97 	96.9 	96.6 	96.1 
PC_HH,BB_FX,TOTAL,HU	98.4 	97.5 	95.5 	94.4 	95.2 	95.2 	95.2 	94.4 	94.4 
PC_HH,BB_FX,TOTAL,IE	97.6 	97.9 	97.8 	97.8 	97.4 	96.3 	96.3 	96.3 	96.3 
PC_HH,BB_FX,TOTAL,IS	99.2 	99.7 	99.5 	98.1 	94.7 	95.6 	95.2 	95.2 	93.8 
PC_HH,BB_FX,TOTAL,IT	99.8 	99.6 	99.6 	99.8 	99.3 	99.3 	99.3 	99.1 	98.8 
PC_HH,BB_FX,TOTAL,LT	88.8 	84.8 	85.3 	84.9 	82 	81 	80.6 	80.1 	79.6 
PC_HH,BB_FX,TOTAL,LU	100 	100 	100 	100 	100 	100 	100 	100 	100 
PC_HH,BB_FX,TOTAL,LV	98.5 	98.2 	98.2 	93.9 	92.8 	92.6 	92.5 	91.9 	91.6 
PC_HH,BB_FX,TOTAL,MT	100 	100 	100 	100 	100 	100 	100 	100 	100 
PC_HH,BB_FX,TOTAL,NL	99.3 	99.5 	99.5 	99.5 	97.7 	99.5 	99.5 	99.5 	99.5 
PC_HH,BB_FX,TOTAL,NO	98.1 	98.9 	98.6 	96.8 	94.4 	95.3 	94.7 	95.2 	96.7 
PC_HH,BB_FX,TOTAL,PL	89.7 	88.6 	83.5 	81.5 	81.5 	80.9 	80.2 	79.6 	79.1 
PC_HH,BB_FX,TOTAL,PT	96.3 	95.2 	94.9 	93.6 	93.5 	94.3 	94.6 	94.8 	95.1 
PC_HH,BB_FX,TOTAL,RO	94.1 	89.5 	87.4 	87.1 	88.1 	88.6 	88.8 	89.4 	90 
PC_HH,BB_FX,TOTAL,SE	97.6 	97.7 	97.4 	97.4 	98.5 	99 	99 	99 	99 
PC_HH,BB_FX,TOTAL,SI	98.9 	98.9 	98.7 	98.1 	97.8 	97.7 	95.5 	95.4 	95.2 
PC_HH,BB_FX,TOTAL,SK	97.4 	97.4 	92.9 	88.6 	88.3 	88 	86.3 	86.8 	86.5 
PC_HH,BB_FX,TOTAL,UK	99.8 	100 	100 	100 	100 	100 	100 	100 	100 
PC_HH,CBL_MM,DEG3,AT	: 	: 	: 	20.4 	19.9 	17.9 	17.4 	17.3 	17.2 
PC_HH,CBL_MM,DEG3,BE	: 	: 	: 	44.2 	45.2 	39.1 	40.3 	40.4 	39.8 
PC_HH,CBL_MM,DEG3,BG	: 	: 	: 	25.8 	22.8 	22.2 	16.2 	15.1 	0.7 
PC_HH,CBL_MM,DEG3,CH	: 	: 	: 	79.7 	78.1 	78.2 	78 	77.6 	77.5 
PC_HH,CBL_MM,DEG3,CY	: 	: 	: 	0 	0 	0 	0 	0 	0 
PC_HH,CBL_MM,DEG3,CZ	: 	: 	: 	3.4 	3.5 	3.1 	1.5 	1.4 	1.3 
PC_HH,CBL_MM,DEG3,DE	: 	: 	: 	15.5 	15.2 	15.2 	14.8 	14 	11.5 
PC_HH,CBL_MM,DEG3,DK	: 	: 	: 	5.2 	5.6 	5.1 	5.9 	6.5 	0 
PC_HH,CBL_MM,DEG3,EE	: 	: 	: 	24.5 	15.2 	14.8 	14.5 	13.8 	12.4 
PC_HH,CBL_MM,DEG3,EL	: 	: 	: 	0 	0 	0 	0 	0 	0 
PC_HH,CBL_MM,DEG3,ES	: 	: 	: 	13.1 	12.6 	10.6 	9.8 	9.8 	8.8 
PC_HH,CBL_MM,DEG3,EU27_2020	: 	: 	: 	11.3 	9.9 	8.4 	7.7 	7.7 	6.4 
PC_HH,CBL_MM,DEG3,FI	: 	: 	: 	0 	0 	0 	0 	0 	0 
PC_HH,CBL_MM,DEG3,FR	: 	: 	: 	1.3 	1.1 	1.2 	0.7 	1.3 	0.6 
PC_HH,CBL_MM,DEG3,HR	: 	: 	: 	15.2 	15.1 	10.5 	10.2 	10.2 	4.6 
PC_HH,CBL_MM,DEG3,HU	: 	: 	: 	45.3 	28.9 	19.9 	19.8 	19.2 	17.5 
PC_HH,CBL_MM,DEG3,IE	: 	: 	: 	3.6 	3.6 	2.6 	2.6 	2.6 	2.7 
PC_HH,CBL_MM,DEG3,IS	: 	: 	: 	0 	0 	0 	0 	0 	0 
PC_HH,CBL_MM,DEG3,IT	0 	0 	0 	0 	0 	0 	0 	0 	0 
PC_HH,CBL_MM,DEG3,LT	: 	: 	: 	9.5 	8.5 	7.5 	0 	0 	0 
PC_HH,CBL_MM,DEG3,LU	: 	: 	: 	32.6 	44.5 	46.3 	42.1 	52.8 	50.2 
PC_HH,CBL_MM,DEG3,LV	: 	: 	: 	0 	0 	0 	0 	0 	0 
PC_HH,CBL_MM,DEG3,MT	: 	: 	: 	99.9 	99.9 	99.9 	100 	100 	99.5 
PC_HH,CBL_MM,DEG3,NL	: 	: 	: 	69 	66.2 	66.2 	66.2 	66.2 	66.2 
PC_HH,CBL_MM,DEG3,NO	: 	: 	: 	2.6 	4.5 	4 	2.7 	2.9 	3.2 
PC_HH,CBL_MM,DEG3,PL	: 	: 	: 	1.6 	1.4 	1.3 	1.2 	0.8 	0.4 
PC_HH,CBL_MM,DEG3,PT	: 	: 	: 	43.3 	43.1 	24.6 	23.8 	22.4 	18.5 
PC_HH,CBL_MM,DEG3,RO	: 	: 	: 	25.5 	17 	11.7 	9.3 	10.4 	6.2 
PC_HH,CBL_MM,DEG3,SE	: 	: 	: 	0.3 	0.3 	0.6 	0.1 	0.1 	0.1 
PC_HH,CBL_MM,DEG3,SI	: 	: 	: 	22.5 	22.2 	21.5 	21.5 	21.4 	20.7 
PC_HH,CBL_MM,DEG3,SK	: 	: 	: 	0.8 	0.9 	0.8 	0.6 	0.4 	0.4 
PC_HH,CBL_MM,DEG3,UK	: 	: 	: 	3.1 	2.2 	2.3 	2.4 	2.4 	3.3 
PC_HH,CBL_MM,TOTAL,AT	: 	: 	: 	53.8 	52.8 	47.4 	40.6 	39.1 	39.1 
PC_HH,CBL_MM,TOTAL,BE	: 	: 	: 	94.7 	93.9 	93.8 	93.7 	93 	92.2 
PC_HH,CBL_MM,TOTAL,BG	: 	: 	: 	66.6 	66.6 	65.9 	64.9 	64.5 	62.5 
PC_HH,CBL_MM,TOTAL,CH	: 	: 	: 	84.3 	84.3 	84.3 	84.1 	83.9 	83.7 
PC_HH,CBL_MM,TOTAL,CY	: 	: 	: 	52.7 	45 	44.8 	44.2 	43.8 	39.8 
PC_HH,CBL_MM,TOTAL,CZ	: 	: 	: 	41.6 	39.2 	38.3 	33.7 	33.4 	33 
PC_HH,CBL_MM,TOTAL,DE	: 	: 	: 	64.1 	63.8 	63.7 	63.2 	61.2 	59.5 
PC_HH,CBL_MM,TOTAL,DK	: 	: 	: 	68.4 	68.8 	68.1 	65 	64 	63.6 
PC_HH,CBL_MM,TOTAL,EE	: 	: 	: 	70.8 	56.1 	54.4 	54 	51.7 	42.9 
PC_HH,CBL_MM,TOTAL,EL	: 	: 	: 	0 	0 	0 	0 	0 	0 
PC_HH,CBL_MM,TOTAL,ES	: 	: 	: 	48.9 	48.8 	48.8 	47.8 	47.8 	48.5 
PC_HH,CBL_MM,TOTAL,EU27_2020	: 	: 	: 	44.2 	43.5 	42.8 	42.4 	42.2 	41.6 
PC_HH,CBL_MM,TOTAL,FI	: 	: 	: 	34.1 	36.2 	37.8 	44.4 	44.3 	42.5 
PC_HH,CBL_MM,TOTAL,FR	: 	: 	: 	28.6 	27.8 	27.9 	29.5 	29.2 	30.3 
PC_HH,CBL_MM,TOTAL,HR	: 	: 	: 	32.3 	28.3 	26.9 	24.9 	23.2 	20.8 
PC_HH,CBL_MM,TOTAL,HU	: 	: 	: 	76.3 	72.2 	68 	66.1 	64.3 	63.5 
PC_HH,CBL_MM,TOTAL,IE	: 	: 	: 	48.7 	48.6 	43.3 	42.7 	42.4 	42.4 
PC_HH,CBL_MM,TOTAL,IS	: 	: 	: 	0 	0 	0 	0 	0 	0 
PC_HH,CBL_MM,TOTAL,IT	0 	0 	0 	0 	0 	0 	0 	0 	0 
PC_HH,CBL_MM,TOTAL,LT	: 	: 	: 	34.4 	33.3 	33.2 	29.9 	53.4 	53.3 
PC_HH,CBL_MM,TOTAL,LU	: 	: 	: 	84 	77.9 	78.6 	80.5 	70.5 	68.2 
PC_HH,CBL_MM,TOTAL,LV	: 	: 	: 	35.1 	34.9 	34.7 	34.5 	34.3 	33.9 
PC_HH,CBL_MM,TOTAL,MT	: 	: 	: 	99.9 	99.9 	99.9 	100 	100 	100 
PC_HH,CBL_MM,TOTAL,NL	: 	: 	: 	95.1 	95.1 	95.1 	95.1 	96.8 	95.8 
PC_HH,CBL_MM,TOTAL,NO	: 	: 	: 	49 	51.3 	52.5 	50.6 	49.5 	49 
PC_HH,CBL_MM,TOTAL,PL	: 	: 	: 	41.1 	40.4 	40.2 	39.5 	38.9 	38.1 
PC_HH,CBL_MM,TOTAL,PT	: 	: 	: 	56.3 	56.2 	56 	55.6 	54.9 	53.8 
PC_HH,CBL_MM,TOTAL,RO	: 	: 	: 	43.4 	40.3 	32.3 	30.9 	32.7 	28.8 
PC_HH,CBL_MM,TOTAL,SE	: 	: 	: 	37.5 	38.5 	37.9 	38.8 	38.8 	39.3 
PC_HH,CBL_MM,TOTAL,SI	: 	: 	: 	62.6 	60.3 	58.6 	58.4 	58.3 	56.3 
PC_HH,CBL_MM,TOTAL,SK	: 	: 	: 	30 	30.2 	30.4 	28.8 	28.4 	27.7 
PC_HH,CBL_MM,TOTAL,UK	: 	: 	: 	50.1 	46.4 	46 	46.9 	46.8 	47.1 
PC_HH,DOCSIS3_0,DEG3,AT	12.6 	21.2 	20.4 	19.9 	19.9 	17.9 	17.4 	17.3 	17.2 
PC_HH,DOCSIS3_0,DEG3,BE	54.6 	48.5 	48.3 	45.5 	45.2 	43.1 	40.3 	40.4 	39.8 
PC_HH,DOCSIS3_0,DEG3,BG	26.5 	26 	25.5 	25.3 	22.6 	22.1 	16.2 	15.1 	0.7 
PC_HH,DOCSIS3_0,DEG3,CH	82.2 	79.6 	79.8 	79.7 	78.1 	78.2 	78 	77.6 	75.8 
PC_HH,DOCSIS3_0,DEG3,CY	0 	0 	0 	0 	0 	0 	0 	0 	0 
PC_HH,DOCSIS3_0,DEG3,CZ	3.6 	3.5 	3.4 	3.2 	2.4 	2 	0.6 	0.6 	0.5 
PC_HH,DOCSIS3_0,DEG3,DE	17.5 	16.9 	16.9 	15.2 	15 	14.9 	14.4 	13.4 	8.7 
PC_HH,DOCSIS3_0,DEG3,DK	5.3 	5.5 	5.9 	5.2 	5.6 	5.1 	5.9 	6.5 	0 
PC_HH,DOCSIS3_0,DEG3,EE	23.7 	23.6 	23.5 	23.3 	12.7 	11.8 	11.6 	11 	0 
PC_HH,DOCSIS3_0,DEG3,EL	0 	0 	0 	0 	0 	0 	0 	0 	0 
PC_HH,DOCSIS3_0,DEG3,ES	6.3 	10.8 	11.2 	13.1 	12.6 	10.6 	9.8 	9.8 	8.8 
PC_HH,DOCSIS3_0,DEG3,EU27_2020	11.3 	11.5 	11.4 	10.3 	9.3 	8 	7.4 	7.3 	5.7 
PC_HH,DOCSIS3_0,DEG3,FI	0 	0 	0 	0 	0 	0 	0 	0 	0 
PC_HH,DOCSIS3_0,DEG3,FR	0.3 	0.7 	0.7 	1.3 	1.1 	1.2 	0.7 	1.3 	0.6 
PC_HH,DOCSIS3_0,DEG3,HR	25.6 	20.9 	15.5 	15.2 	15.1 	9.8 	9.8 	9.7 	0 
PC_HH,DOCSIS3_0,DEG3,HU	46.9 	47.1 	47.1 	37.8 	25.3 	18.2 	18.2 	17.4 	15.9 
PC_HH,DOCSIS3_0,DEG3,IE	3.8 	3.7 	3.7 	3.4 	3.4 	2.4 	2.4 	2.4 	2.3 
PC_HH,DOCSIS3_0,DEG3,IS	1 	0 	0 	0 	0 	0 	0 	0 	0 
PC_HH,DOCSIS3_0,DEG3,IT	0 	0 	0 	0 	0 	0 	0 	0 	0 
PC_HH,DOCSIS3_0,DEG3,LT	0.5 	0.5 	0.4 	0.3 	0.2 	0.1 	0 	0 	0 
PC_HH,DOCSIS3_0,DEG3,LU	60.1 	62.9 	33 	32.6 	0 	0 	0 	0 	0 
PC_HH,DOCSIS3_0,DEG3,LV	0 	0 	0 	0 	0 	0 	0 	0 	0 
PC_HH,DOCSIS3_0,DEG3,MT	100 	100 	100 	99.9 	99.9 	99.9 	99.9 	100 	99.5 
PC_HH,DOCSIS3_0,DEG3,NL	81.4 	74.8 	74 	69 	66.2 	66.2 	66.2 	66.2 	66.2 
PC_HH,DOCSIS3_0,DEG3,NO	1.7 	1.5 	2.9 	2.6 	4.5 	4 	2.4 	2.9 	1.9 
PC_HH,DOCSIS3_0,DEG3,PL	1.6 	1.5 	1.5 	1.5 	1.4 	1.2 	1.1 	0.8 	0.6 
PC_HH,DOCSIS3_0,DEG3,PT	43.3 	43.5 	43.5 	43.3 	43.1 	24.6 	23.8 	22.4 	18.5 
PC_HH,DOCSIS3_0,DEG3,RO	24.5 	23.4 	24.8 	16.1 	13.8 	9.7 	7.3 	7.4 	4.4 
PC_HH,DOCSIS3_0,DEG3,SE	0.3 	0.3 	0.3 	0.3 	0.3 	0.6 	0 	0 	0 
PC_HH,DOCSIS3_0,DEG3,SI	19.3 	19.8 	19.7 	21.1 	20.6 	18.8 	18.3 	17.9 	14.7 
PC_HH,DOCSIS3_0,DEG3,SK	2.6 	1.7 	1.2 	0.5 	0.3 	0.4 	0 	0 	0 
PC_HH,DOCSIS3_0,DEG3,UK	3.2 	3.1 	3.1 	3.1 	2.2 	2.3 	2.4 	2.4 	3.3 
PC_HH,DOCSIS3_0,TOTAL,AT	59.3 	58.3 	53.2 	53 	51.8 	45.6 	40.6 	39.1 	39.1 
PC_HH,DOCSIS3_0,TOTAL,BE	96.5 	93.6 	93.5 	93.9 	93.9 	93.8 	93.7 	93 	92 
PC_HH,DOCSIS3_0,TOTAL,BG	70.5 	70 	68.7 	64.4 	64.2 	63.6 	62.9 	61.4 	57.7 
PC_HH,DOCSIS3_0,TOTAL,CH	85.2 	84.3 	84.4 	84.3 	84.3 	84.3 	84.1 	83.9 	82.9 
PC_HH,DOCSIS3_0,TOTAL,CY	65.9 	57.8 	55.5 	52.7 	45 	44.8 	44.2 	43.8 	39.8 
PC_HH,DOCSIS3_0,TOTAL,CZ	41.9 	41.6 	41.1 	41.5 	38.8 	37.7 	33.3 	31.9 	31.5 
PC_HH,DOCSIS3_0,TOTAL,DE	67.9 	66.9 	66.3 	63.9 	63.7 	63.5 	62.7 	60.4 	55.8 
PC_HH,DOCSIS3_0,TOTAL,DK	67.5 	68.1 	68.4 	68.4 	68.8 	68 	65 	64 	61.7 
PC_HH,DOCSIS3_0,TOTAL,EE	78.5 	76.7 	67.4 	65.7 	55.6 	51.7 	51.7 	46.5 	39.4 
PC_HH,DOCSIS3_0,TOTAL,EL	0 	0.6 	0.5 	0 	0 	0 	0 	0 	0 
PC_HH,DOCSIS3_0,TOTAL,ES	38.4 	45.8 	48.9 	48.9 	48.8 	48.8 	47.8 	47.8 	48.5 
PC_HH,DOCSIS3_0,TOTAL,EU27_2020	44.2 	45 	44.8 	43.5 	42.9 	42.1 	41.7 	41.4 	40.1 
PC_HH,DOCSIS3_0,TOTAL,FI	36.9 	37.8 	36.9 	36.1 	36.2 	37.8 	44.4 	44.3 	42.5 
PC_HH,DOCSIS3_0,TOTAL,FR	23.1 	27 	27 	28.6 	27.8 	27.8 	29.5 	29.2 	30.3 
PC_HH,DOCSIS3_0,TOTAL,HR	36.3 	35.7 	34.1 	32.3 	28.3 	26.9 	23 	21.8 	19 
PC_HH,DOCSIS3_0,TOTAL,HU	78.2 	76 	74.5 	71.5 	68.3 	65 	63.2 	60.4 	59.7 
PC_HH,DOCSIS3_0,TOTAL,IE	48.6 	49.8 	49.2 	48.7 	48.6 	43.1 	42 	40.7 	40.6 
PC_HH,DOCSIS3_0,TOTAL,IS	3.3 	0.3 	0.3 	0 	0 	0 	0 	0 	0 
PC_HH,DOCSIS3_0,TOTAL,IT	0 	0 	0 	0 	0 	0 	0 	0 	0 
PC_HH,DOCSIS3_0,TOTAL,LT	27.1 	19.4 	17.9 	18.1 	17.1 	15.8 	14.3 	42.9 	42.8 
PC_HH,DOCSIS3_0,TOTAL,LU	90.2 	88.9 	83.9 	84 	73.2 	74.3 	75.2 	65 	62.7 
PC_HH,DOCSIS3_0,TOTAL,LV	30.2 	30.1 	30.1 	29.4 	29.2 	29 	28.8 	28.6 	27.8 
PC_HH,DOCSIS3_0,TOTAL,MT	100 	100 	100 	99.9 	99.9 	99.9 	100 	100 	100 
PC_HH,DOCSIS3_0,TOTAL,NL	94.2 	95.2 	95.2 	95.1 	95.1 	95.1 	95.1 	96.8 	95 
PC_HH,DOCSIS3_0,TOTAL,NO	40.3 	44.5 	45.1 	49 	51.3 	52.5 	50.3 	49.5 	48 
PC_HH,DOCSIS3_0,TOTAL,PL	43.9 	43.4 	44.1 	40 	39.4 	38.3 	38 	38.1 	37.6 
PC_HH,DOCSIS3_0,TOTAL,PT	57.6 	59.4 	59.5 	56.3 	56.2 	56 	55.6 	54.9 	53.8 
PC_HH,DOCSIS3_0,TOTAL,RO	43.7 	42.3 	42.8 	37.7 	35.9 	30.6 	28.9 	29.3 	26.2 
PC_HH,DOCSIS3_0,TOTAL,SE	35.8 	37.3 	35.7 	36 	36.8 	36.2 	34 	34 	34.3 
PC_HH,DOCSIS3_0,TOTAL,SI	58.5 	58.7 	57.6 	59.9 	57.4 	53.7 	52.4 	51.1 	49.2 
PC_HH,DOCSIS3_0,TOTAL,SK	39.4 	32.9 	32.2 	30 	29.7 	27.9 	25.3 	25.4 	24.8 
PC_HH,DOCSIS3_0,TOTAL,UK	50.3 	50.3 	50.3 	50.1 	46.4 	46 	46.9 	46.8 	47.1 
PC_HH,DOCSIS3_1,DEG3,AT	0.9 	0.6 	0.1 	: 	: 	: 	: 	: 	: 
PC_HH,DOCSIS3_1,DEG3,BE	54.6 	10.3 	9.1 	: 	: 	: 	: 	: 	: 
PC_HH,DOCSIS3_1,DEG3,BG	0 	0 	0 	: 	: 	: 	: 	: 	: 
PC_HH,DOCSIS3_1,DEG3,CH	68.2 	64.2 	63 	: 	: 	: 	: 	: 	: 
PC_HH,DOCSIS3_1,DEG3,CY	0 	0 	0 	: 	: 	: 	: 	: 	: 
PC_HH,DOCSIS3_1,DEG3,CZ	0.1 	0 	0 	: 	: 	: 	: 	: 	: 
PC_HH,DOCSIS3_1,DEG3,DE	16.8 	7 	4.7 	: 	: 	: 	: 	: 	: 
PC_HH,DOCSIS3_1,DEG3,DK	5.3 	5.5 	5.8 	: 	: 	: 	: 	: 	: 
PC_HH,DOCSIS3_1,DEG3,EE	0 	0 	0 	: 	: 	: 	: 	: 	: 
PC_HH,DOCSIS3_1,DEG3,EL	0 	0 	0 	: 	: 	: 	: 	: 	: 
PC_HH,DOCSIS3_1,DEG3,ES	6.3 	10.8 	11.2 	: 	: 	: 	: 	: 	: 
PC_HH,DOCSIS3_1,DEG3,EU27_2020	5.7 	4.6 	4.2 	: 	: 	: 	: 	: 	: 
PC_HH,DOCSIS3_1,DEG3,FI	0 	0 	0 	: 	: 	: 	: 	: 	: 
PC_HH,DOCSIS3_1,DEG3,FR	0 	0 	0 	: 	: 	: 	: 	: 	: 
PC_HH,DOCSIS3_1,DEG3,HR	9.3 	5.4 	4.8 	: 	: 	: 	: 	: 	: 
PC_HH,DOCSIS3_1,DEG3,HU	0.8 	0 	0 	: 	: 	: 	: 	: 	: 
PC_HH,DOCSIS3_1,DEG3,IE	3.4 	3.6 	0 	: 	: 	: 	: 	: 	: 
PC_HH,DOCSIS3_1,DEG3,IS	1 	0 	0 	: 	: 	: 	: 	: 	: 
PC_HH,DOCSIS3_1,DEG3,IT	0 	0 	0 	: 	: 	: 	: 	: 	: 
PC_HH,DOCSIS3_1,DEG3,LT	0 	0 	0 	: 	: 	: 	: 	: 	: 
PC_HH,DOCSIS3_1,DEG3,LU	60.1 	62.9 	33 	: 	: 	: 	: 	: 	: 
PC_HH,DOCSIS3_1,DEG3,LV	0 	0 	0 	: 	: 	: 	: 	: 	: 
PC_HH,DOCSIS3_1,DEG3,MT	100 	100 	100 	: 	: 	: 	: 	: 	: 
PC_HH,DOCSIS3_1,DEG3,NL	41.5 	60 	59.4 	: 	: 	: 	: 	: 	: 
PC_HH,DOCSIS3_1,DEG3,NO	0 	0 	0 	: 	: 	: 	: 	: 	: 
PC_HH,DOCSIS3_1,DEG3,PL	1.5 	1.5 	1.4 	: 	: 	: 	: 	: 	: 
PC_HH,DOCSIS3_1,DEG3,PT	43.3 	43.5 	43.5 	: 	: 	: 	: 	: 	: 
PC_HH,DOCSIS3_1,DEG3,RO	0 	0 	0 	: 	: 	: 	: 	: 	: 
PC_HH,DOCSIS3_1,DEG3,SE	0 	0 	0 	: 	: 	: 	: 	: 	: 
PC_HH,DOCSIS3_1,DEG3,SI	0 	0 	0 	: 	: 	: 	: 	: 	: 
PC_HH,DOCSIS3_1,DEG3,SK	0.8 	0 	0 	: 	: 	: 	: 	: 	: 
PC_HH,DOCSIS3_1,DEG3,UK	0.4 	0 	0 	: 	: 	: 	: 	: 	: 
PC_HH,DOCSIS3_1,TOTAL,AT	32 	26.7 	0 	: 	: 	: 	: 	: 	: 
PC_HH,DOCSIS3_1,TOTAL,BE	67.7 	65.8 	65.6 	: 	: 	: 	: 	: 	: 
PC_HH,DOCSIS3_1,TOTAL,BG	0 	0 	0 	: 	: 	: 	: 	: 	: 
PC_HH,DOCSIS3_1,TOTAL,CH	77.3 	76.5 	71.7 	: 	: 	: 	: 	: 	: 
PC_HH,DOCSIS3_1,TOTAL,CY	0 	0 	0 	: 	: 	: 	: 	: 	: 
PC_HH,DOCSIS3_1,TOTAL,CZ	33.3 	0 	0 	: 	: 	: 	: 	: 	: 
PC_HH,DOCSIS3_1,TOTAL,DE	67.2 	50.3 	29.3 	: 	: 	: 	: 	: 	: 
PC_HH,DOCSIS3_1,TOTAL,DK	67.1 	68.1 	68.3 	: 	: 	: 	: 	: 	: 
PC_HH,DOCSIS3_1,TOTAL,EE	0 	0 	0 	: 	: 	: 	: 	: 	: 
PC_HH,DOCSIS3_1,TOTAL,EL	0 	0 	0 	: 	: 	: 	: 	: 	: 
PC_HH,DOCSIS3_1,TOTAL,ES	38.4 	45.8 	48.9 	: 	: 	: 	: 	: 	: 
PC_HH,DOCSIS3_1,TOTAL,EU27_2020	32.2 	27.8 	22.3 	: 	: 	: 	: 	: 	: 
PC_HH,DOCSIS3_1,TOTAL,FI	36.9 	37.8 	36.9 	: 	: 	: 	: 	: 	: 
PC_HH,DOCSIS3_1,TOTAL,FR	0 	0 	0 	: 	: 	: 	: 	: 	: 
PC_HH,DOCSIS3_1,TOTAL,HR	34.5 	34 	32.5 	: 	: 	: 	: 	: 	: 
PC_HH,DOCSIS3_1,TOTAL,HU	21.7 	0 	0 	: 	: 	: 	: 	: 	: 
PC_HH,DOCSIS3_1,TOTAL,IE	48.5 	48.6 	0 	: 	: 	: 	: 	: 	: 
PC_HH,DOCSIS3_1,TOTAL,IS	3.3 	0.3 	0.3 	: 	: 	: 	: 	: 	: 
PC_HH,DOCSIS3_1,TOTAL,IT	0 	0 	0 	: 	: 	: 	: 	: 	: 
PC_HH,DOCSIS3_1,TOTAL,LT	0 	0 	0 	: 	: 	: 	: 	: 	: 
PC_HH,DOCSIS3_1,TOTAL,LU	90.2 	88.9 	83.9 	: 	: 	: 	: 	: 	: 
PC_HH,DOCSIS3_1,TOTAL,LV	18.1 	0 	0 	: 	: 	: 	: 	: 	: 
PC_HH,DOCSIS3_1,TOTAL,MT	100 	100 	100 	: 	: 	: 	: 	: 	: 
PC_HH,DOCSIS3_1,TOTAL,NL	72.3 	78.6 	77 	: 	: 	: 	: 	: 	: 
PC_HH,DOCSIS3_1,TOTAL,NO	1 	0 	0 	: 	: 	: 	: 	: 	: 
PC_HH,DOCSIS3_1,TOTAL,PL	43 	42.4 	42 	: 	: 	: 	: 	: 	: 
PC_HH,DOCSIS3_1,TOTAL,PT	57.6 	59.4 	59.5 	: 	: 	: 	: 	: 	: 
PC_HH,DOCSIS3_1,TOTAL,RO	0 	0 	0 	: 	: 	: 	: 	: 	: 
PC_HH,DOCSIS3_1,TOTAL,SE	0.4 	0.3 	0.3 	: 	: 	: 	: 	: 	: 
PC_HH,DOCSIS3_1,TOTAL,SI	0 	0 	0 	: 	: 	: 	: 	: 	: 
PC_HH,DOCSIS3_1,TOTAL,SK	17.4 	9.7 	8.6 	: 	: 	: 	: 	: 	: 
PC_HH,DOCSIS3_1,TOTAL,UK	23 	7.9 	0 	: 	: 	: 	: 	: 	: 
PC_HH,DSL,DEG3,AT	93.7 	96.2 	96.7 	96.4 	89.2 	89.2 	89.1 	88.9 	88.3 
PC_HH,DSL,DEG3,BE	93.6 	97.8 	97.8 	97.2 	97.3 	96.9 	98.8 	98.8 	98.9 
PC_HH,DSL,DEG3,BG	75.7 	75.8 	75.8 	75.8 	75.6 	75.3 	74.1 	69.4 	64.2 
PC_HH,DSL,DEG3,CH	98.4 	98.4 	96.4 	96.3 	96.3 	97.4 	97.4 	97.4 	96.3 
PC_HH,DSL,DEG3,CY	100 	100 	100 	100 	100 	100 	100 	100 	100 
PC_HH,DSL,DEG3,CZ	92.9 	88.2 	87.7 	85.3 	83.4 	81.7 	80.8 	80.8 	80.1 
PC_HH,DSL,DEG3,DE	97.3 	94.6 	91.3 	89.2 	87.8 	87.6 	86 	84.7 	82.4 
PC_HH,DSL,DEG3,DK	90.2 	92.1 	92.4 	93 	93.4 	93.5 	93.2 	95 	89.2 
PC_HH,DSL,DEG3,EE	48.5 	47 	47 	47 	32.4 	36.4 	35.9 	35.8 	34.4 
PC_HH,DSL,DEG3,EL	95.3 	95.2 	96.4 	96 	87 	78.1 	76.7 	75.8 	74.9 
PC_HH,DSL,DEG3,ES	85.4 	83.1 	84.1 	84 	84.1 	83.9 	80.5 	80.5 	86.2 
PC_HH,DSL,DEG3,EU27_2020	81.3 	80.5 	80.7 	79.7 	78.5 	77.9 	76.7 	75.8 	76.1 
PC_HH,DSL,DEG3,FI	74.4 	78.3 	81.7 	81.8 	81.7 	81.7 	80.2 	79.4 	78 
PC_HH,DSL,DEG3,FR	98.3 	99 	99.9 	99.9 	100 	99.6 	98.6 	98.4 	98.3 
PC_HH,DSL,DEG3,HR	98.9 	98.9 	98.9 	98.8 	96.7 	86.4 	86.1 	84.9 	82.3 
PC_HH,DSL,DEG3,HU	91.1 	89.6 	87.9 	82.8 	74 	74 	73.8 	71.9 	72.6 
PC_HH,DSL,DEG3,IE	92.3 	89 	89 	89 	87 	87.9 	86.8 	86.8 	88.1 
PC_HH,DSL,DEG3,IS	48.9 	57.5 	64.6 	65.2 	67 	64.2 	61.4 	61.3 	60.2 
PC_HH,DSL,DEG3,IT	98.9 	98.2 	97.3 	97.4 	90.9 	89.4 	89.4 	88.3 	90.3 
PC_HH,DSL,DEG3,LT	62.6 	52.6 	51.6 	50.2 	49.3 	49.1 	48.8 	48.4 	48.1 
PC_HH,DSL,DEG3,LU	82.8 	86 	93 	97 	99.7 	99.7 	99.9 	99.9 	100 
PC_HH,DSL,DEG3,LV	36.6 	36.4 	36.4 	35.9 	35.4 	28 	9 	8.2 	13.3 
PC_HH,DSL,DEG3,MT	100 	100 	100 	100 	100 	100 	100 	100 	98.9 
PC_HH,DSL,DEG3,NL	70.9 	74.2 	74.2 	75 	78.9 	78.9 	78.9 	78.9 	78.9 
PC_HH,DSL,DEG3,NO	75.4 	78.3 	77.4 	73.5 	65.4 	71.1 	67.4 	70.2 	74.1 
PC_HH,DSL,DEG3,PL	44.5 	43.1 	45.7 	43 	42.5 	42.1 	41.4 	40.8 	39.7 
PC_HH,DSL,DEG3,PT	70.3 	71 	70.8 	79 	80.2 	79.1 	78.6 	77.5 	76.2 
PC_HH,DSL,DEG3,RO	56.7 	57.9 	58.6 	59.5 	66 	65.7 	63.7 	63.3 	62.9 
PC_HH,DSL,DEG3,SE	56.2 	62.4 	63.9 	69.8 	78.7 	87 	89 	89 	88.2 
PC_HH,DSL,DEG3,SI	86.5 	86.8 	86.9 	87.4 	86.7 	86.7 	82.3 	81.9 	79.1 
PC_HH,DSL,DEG3,SK	80 	74 	70 	69.5 	69.5 	69 	66 	50.1 	38.4 
PC_HH,DSL,DEG3,UK	98.1 	99.5 	99.5 	99.5 	99.5 	99.5 	99.7 	99.7 	99.7 
PC_HH,DSL,TOTAL,AT	97.3 	95.3 	96.9 	96.6 	96.9 	97.2 	98.4 	98.4 	98.3 
PC_HH,DSL,TOTAL,BE	94.2 	99.9 	99.9 	99.9 	99.9 	99.9 	99.9 	99.9 	99.9 
PC_HH,DSL,TOTAL,BG	85.4 	85.5 	85.5 	85.5 	85.2 	85.2 	85.1 	85.1 	85 
PC_HH,DSL,TOTAL,CH	99.5 	99.5 	99.5 	99.5 	99.5 	99.5 	99.5 	99.4 	99.4 
PC_HH,DSL,TOTAL,CY	100 	100 	100 	100 	100 	100 	100 	100 	100 
PC_HH,DSL,TOTAL,CZ	97.6 	96.1 	94.9 	92.9 	93.1 	92.2 	93.1 	93 	93 
PC_HH,DSL,TOTAL,DE	99.4 	98.7 	97.9 	97.4 	97.1 	97.1 	96.6 	94 	94.9 
PC_HH,DSL,TOTAL,DK	90.6 	93.3 	94.2 	95.2 	96.1 	97.2 	98 	99.6 	98.2 
PC_HH,DSL,TOTAL,EE	46.9 	51.1 	69.2 	69.1 	69.3 	73.7 	73.6 	72.1 	71.3 
PC_HH,DSL,TOTAL,EL	98.8 	98.8 	98.9 	96.4 	96.1 	95.6 	95.2 	95 	94.4 
PC_HH,DSL,TOTAL,ES	88.8 	89.1 	89.8 	89.8 	90 	90.1 	88.5 	88.5 	91 
PC_HH,DSL,TOTAL,EU27_2020	89.3 	89.9 	90.4 	90.6 	90.9 	91.1 	90.8 	90.3 	90.5 
PC_HH,DSL,TOTAL,FI	60.2 	71 	78.9 	86.5 	94 	94 	94 	94 	93.4 
PC_HH,DSL,TOTAL,FR	98.8 	99.2 	100 	100 	100 	99.9 	99.5 	99.5 	99.4 
PC_HH,DSL,TOTAL,HR	99.7 	99.8 	99.7 	99.7 	98.8 	94.9 	94.7 	94.6 	94.3 
PC_HH,DSL,TOTAL,HU	84.2 	84.6 	87.4 	86.2 	90.5 	90.5 	90.5 	88.7 	88.7 
PC_HH,DSL,TOTAL,IE	92.9 	93.3 	93.3 	93.2 	93.2 	92.5 	92.5 	92.5 	92.5 
PC_HH,DSL,TOTAL,IS	89 	93.2 	97.4 	93.9 	90.5 	88.5 	87.8 	87.7 	85.1 
PC_HH,DSL,TOTAL,IT	99.8 	99.6 	99.6 	99.7 	98.6 	98.5 	98.4 	98.2 	97.1 
PC_HH,DSL,TOTAL,LT	85.5 	72.9 	70.6 	69.9 	69.9 	69.8 	69.3 	69.2 	69.1 
PC_HH,DSL,TOTAL,LU	65.6 	72 	83.4 	89 	100 	100 	100 	100 	100 
PC_HH,DSL,TOTAL,LV	28.5 	31.3 	33.4 	40.7 	41.4 	42.7 	42.3 	42.3 	41.5 
PC_HH,DSL,TOTAL,MT	100 	100 	100 	100 	100 	100 	100 	100 	100 
PC_HH,DSL,TOTAL,NL	61.1 	69.3 	69.4 	69.6 	69.8 	69.7 	69.7 	69.7 	69.7 
PC_HH,DSL,TOTAL,NO	92.5 	94.7 	94 	93.8 	91.6 	90.6 	89.5 	90.4 	93.5 
PC_HH,DSL,TOTAL,PL	64.5 	63.4 	65.4 	65.4 	65.2 	65.7 	66 	65.8 	65.4 
PC_HH,DSL,TOTAL,PT	85.4 	85.4 	85.4 	86 	86.1 	87.7 	85.5 	85.9 	86.2 
PC_HH,DSL,TOTAL,RO	55.1 	55.9 	56.7 	57.8 	61.9 	65.9 	68.3 	71.4 	75.8 
PC_HH,DSL,TOTAL,SE	87.4 	88.9 	89.3 	90.7 	93.2 	98 	97.9 	97.9 	98 
PC_HH,DSL,TOTAL,SI	95.8 	95.9 	95.9 	96.1 	95.8 	95.8 	90.9 	90.8 	90.6 
PC_HH,DSL,TOTAL,SK	71.5 	77 	77 	77 	74.6 	72.5 	71.2 	70.9 	70.5 
PC_HH,DSL,TOTAL,UK	99.7 	100 	100 	100 	100 	100 	100 	100 	100 
PC_HH,FTTP,DEG3,AT	14.9 	10.6 	10 	5.9 	5.4 	5.3 	2.1 	2.2 	2.2 
PC_HH,FTTP,DEG3,BE	0.7 	0.4 	0.1 	0 	0 	0 	0 	0 	0 
PC_HH,FTTP,DEG3,BG	61 	48.7 	35.7 	23.7 	13.7 	5.7 	0.7 	0.2 	0.2 
PC_HH,FTTP,DEG3,CH	21.1 	20.4 	8.6 	8.2 	7.6 	7.3 	6.6 	6.2 	0.4 
PC_HH,FTTP,DEG3,CY	22.4 	19.5 	16.6 	0 	0 	0 	0 	0 	0 
PC_HH,FTTP,DEG3,CZ	6.9 	6.4 	5.9 	5.6 	5.3 	5.1 	4.9 	4 	1.5 
PC_HH,FTTP,DEG3,DE	11.3 	10.6 	5.6 	3.6 	2.4 	1.7 	1.4 	0.8 	0.5 
PC_HH,FTTP,DEG3,DK	77.8 	70.9 	65.8 	60.8 	54.8 	49 	45.6 	42 	4.2 
PC_HH,FTTP,DEG3,EE	21.1 	20.5 	19.8 	18 	16.8 	15.4 	15.2 	13.7 	11 
PC_HH,FTTP,DEG3,EL	0 	0 	0 	0 	0 	0 	0 	0 	0 
PC_HH,FTTP,DEG3,ES	68.9 	59.5 	46.4 	32.6 	20.9 	9.7 	5.6 	5 	2.5 
PC_HH,FTTP,DEG3,EU27_2020	33.8 	25.8 	19.4 	14.8 	10.6 	7.7 	5.8 	5.1 	3.6 
PC_HH,FTTP,DEG3,FI	12.4 	9.4 	9.1 	9.3 	8.3 	8.2 	8.2 	8.1 	7.4 
PC_HH,FTTP,DEG3,FR	28.8 	18.4 	12.4 	9.3 	4.3 	2.3 	2 	1.7 	1.3 
PC_HH,FTTP,DEG3,HR	7.1 	6.8 	6.3 	3.7 	0.2 	0.2 	0 	0 	0 
PC_HH,FTTP,DEG3,HU	37.9 	35.6 	28.9 	15.6 	6.8 	6.4 	4.2 	4 	3.9 
PC_HH,FTTP,DEG3,IE	43.1 	20.6 	13.5 	2.7 	1.2 	1.2 	0 	0 	0 
PC_HH,FTTP,DEG3,IS	78.4 	66.3 	54.7 	39.4 	29.1 	24 	2.3 	2.3 	2.1 
PC_HH,FTTP,DEG3,IT	17.3 	8.4 	2.1 	0.8 	0.8 	0.8 	0 	0 	0 
PC_HH,FTTP,DEG3,LT	41.1 	23.3 	22.5 	21.8 	19.5 	18 	15.6 	12.4 	7.4 
PC_HH,FTTP,DEG3,LU	51.1 	48.5 	41.5 	37 	35.1 	35 	29 	28 	27 
PC_HH,FTTP,DEG3,LV	75.2 	73.8 	73.2 	73.6 	70.1 	69.3 	67.3 	63.6 	60.5 
PC_HH,FTTP,DEG3,MT	0 	0 	0 	0 	0 	0 	0 	0 	0 
PC_HH,FTTP,DEG3,NL	54.5 	27.2 	26.4 	22.7 	20.3 	19.9 	18.4 	16.7 	15.5 
PC_HH,FTTP,DEG3,NO	64 	56.3 	44.8 	32.6 	22.9 	19.5 	18.4 	12.3 	10 
PC_HH,FTTP,DEG3,PL	32.6 	24.1 	17.9 	13.7 	9.5 	7.1 	3.5 	2.6 	0.2 
PC_HH,FTTP,DEG3,PT	60.7 	51.2 	49.1 	48.2 	42.2 	18.5 	15.3 	13.4 	11.5 
PC_HH,FTTP,DEG3,RO	75.7 	55.6 	39.1 	30.1 	29.1 	26.7 	25 	22.7 	21.5 
PC_HH,FTTP,DEG3,SE	54.3 	48.1 	40.6 	31 	22.2 	20.8 	13.7 	13.7 	8.8 
PC_HH,FTTP,DEG3,SI	46.4 	39 	38 	34.3 	25.8 	23.5 	21.7 	19.6 	18.8 
PC_HH,FTTP,DEG3,SK	21.6 	18 	15.3 	11.9 	9.2 	6.9 	4.4 	4.3 	3.6 
PC_HH,FTTP,DEG3,UK	16.2 	11.9 	8.1 	5.9 	4.3 	2.5 	0.9 	0.8 	0.5 
PC_HH,FTTP,TOTAL,AT	26.6 	20.5 	13.8 	13 	12.4 	8 	7.1 	7.1 	7.1 
PC_HH,FTTP,TOTAL,BE	9.7 	6.5 	3.6 	1.4 	0.8 	0.6 	0.4 	0.4 	0.4 
PC_HH,FTTP,TOTAL,BG	84.7 	75.2 	65.2 	54.2 	45.2 	38.2 	32.2 	28.3 	22.9 
PC_HH,FTTP,TOTAL,CH	40.2 	39.7 	34.9 	30.3 	29.5 	28.6 	27 	25.9 	21.1 
PC_HH,FTTP,TOTAL,CY	41.4 	26.2 	10.1 	0.5 	0 	0 	0 	0 	0 
PC_HH,FTTP,TOTAL,CZ	35.8 	33.3 	29.3 	28.3 	25.9 	21 	17.3 	13.9 	13.4 
PC_HH,FTTP,TOTAL,DE	15.4 	13.8 	10.5 	8.5 	7.3 	7.1 	6.6 	4.3 	4.4 
PC_HH,FTTP,TOTAL,DK	74.1 	70.1 	66.9 	64.4 	62.7 	58.1 	57 	52.4 	46.8 
PC_HH,FTTP,TOTAL,EE	73.4 	70.9 	57.4 	54.2 	50.7 	48.5 	47.5 	44.6 	43 
PC_HH,FTTP,TOTAL,EL	19.8 	10.2 	7.1 	0.4 	0.4 	0.4 	0.4 	0.4 	0.4 
PC_HH,FTTP,TOTAL,ES	88.9 	84.9 	80.4 	77.4 	71.4 	62.8 	52.8 	44.8 	22.7 
PC_HH,FTTP,TOTAL,EU27_2020	50 	43 	37.8 	33.3 	29.2 	25.2 	21.9 	19.5 	15.6 
PC_HH,FTTP,TOTAL,FI	40 	37.7 	35.2 	31.4 	31.7 	31.6 	31.4 	30.7 	29.4 
PC_HH,FTTP,TOTAL,FR	63.4 	52.6 	43.8 	37.8 	28.3 	20.8 	15.5 	13.6 	10.5 
PC_HH,FTTP,TOTAL,HR	38.7 	35.6 	31 	23.4 	17.8 	15.6 	10.1 	8.8 	6.9 
PC_HH,FTTP,TOTAL,HU	64.2 	48.6 	42.6 	35.9 	29.8 	24 	21.5 	20.8 	19.8 
PC_HH,FTTP,TOTAL,IE	62.2 	47.7 	35.4 	12.9 	8.3 	5.5 	4.5 	1.7 	1.7 
PC_HH,FTTP,TOTAL,IS	87.6 	83.5 	80.4 	76.2 	72.3 	71.1 	60.4 	59.9 	60.8 
PC_HH,FTTP,TOTAL,IT	44.2 	33.7 	30 	23.9 	21.7 	18.8 	16.4 	14.8 	12.2 
PC_HH,FTTP,TOTAL,LT	78.2 	67.1 	61 	60.6 	54.4 	50.1 	49.6 	49.2 	48.7 
PC_HH,FTTP,TOTAL,LU	75.2 	72.1 	67.5 	63.4 	57.2 	51.5 	47.1 	42.8 	36 
PC_HH,FTTP,TOTAL,LV	89.5 	88.1 	88.1 	87.8 	85.7 	85.2 	85 	83.9 	82.9 
PC_HH,FTTP,TOTAL,MT	48 	41 	39.2 	31.6 	23 	16 	10.4 	8.4 	0.8 
PC_HH,FTTP,TOTAL,NL	51.9 	35.6 	34.4 	32.2 	31.9 	31.2 	29.7 	28.2 	23.3 
PC_HH,FTTP,TOTAL,NO	75.3 	73.7 	71.4 	58.7 	51.9 	45.9 	41.1 	40 	33.8 
PC_HH,FTTP,TOTAL,PL	51.9 	44.6 	38.3 	29.1 	21.3 	14.8 	9 	7.3 	3.5 
PC_HH,FTTP,TOTAL,PT	87.6 	82.3 	76.6 	70.2 	63.6 	49.6 	47.2 	45.3 	42.1 
PC_HH,FTTP,TOTAL,RO	87.1 	75.9 	68.1 	62.7 	61 	59.7 	58.2 	58 	54.7 
PC_HH,FTTP,TOTAL,SE	82.5 	80.5 	77.1 	72.2 	66.4 	60.8 	56.4 	56.4 	51.8 
PC_HH,FTTP,TOTAL,SI	72.5 	65.6 	63.8 	61.1 	52.2 	50.4 	45 	42.2 	36.6 
PC_HH,FTTP,TOTAL,SK	62.3 	49.2 	44.3 	42.9 	41.2 	39.5 	36.1 	32 	29.5 
PC_HH,FTTP,TOTAL,UK	23.3 	14.5 	8.5 	3.8 	3 	1.8 	1.4 	1.4 	0.9 
PC_HH,FTTP_DOCSIS3_0,DEG3,AT	: 	: 	: 	23.7 	22.9 	: 	: 	: 	: 
PC_HH,FTTP_DOCSIS3_0,DEG3,BE	: 	: 	: 	44.2 	45.2 	: 	: 	: 	: 
PC_HH,FTTP_DOCSIS3_0,DEG3,BG	: 	: 	: 	26 	23.3 	: 	: 	: 	: 
PC_HH,FTTP_DOCSIS3_0,DEG3,CH	: 	: 	: 	81.4 	79.8 	: 	: 	: 	: 
PC_HH,FTTP_DOCSIS3_0,DEG3,CY	: 	: 	: 	0 	0 	: 	: 	: 	: 
PC_HH,FTTP_DOCSIS3_0,DEG3,CZ	: 	: 	: 	7.2 	6.5 	: 	: 	: 	: 
PC_HH,FTTP_DOCSIS3_0,DEG3,DE	: 	: 	: 	18 	15 	: 	: 	: 	: 
PC_HH,FTTP_DOCSIS3_0,DEG3,DK	: 	: 	: 	65.9 	57.5 	: 	: 	: 	: 
PC_HH,FTTP_DOCSIS3_0,DEG3,EE	: 	: 	: 	32.8 	23.6 	: 	: 	: 	: 
PC_HH,FTTP_DOCSIS3_0,DEG3,EL	: 	: 	: 	0 	0 	: 	: 	: 	: 
PC_HH,FTTP_DOCSIS3_0,DEG3,ES	: 	: 	: 	40.3 	28.8 	: 	: 	: 	: 
PC_HH,FTTP_DOCSIS3_0,DEG3,EU27_2020	: 	: 	: 	22.2 	18 	: 	: 	: 	: 
PC_HH,FTTP_DOCSIS3_0,DEG3,FI	: 	: 	: 	9.3 	8.3 	: 	: 	: 	: 
PC_HH,FTTP_DOCSIS3_0,DEG3,FR	: 	: 	: 	10.2 	5.3 	: 	: 	: 	: 
PC_HH,FTTP_DOCSIS3_0,DEG3,HR	: 	: 	: 	17.4 	15.3 	: 	: 	: 	: 
PC_HH,FTTP_DOCSIS3_0,DEG3,HU	: 	: 	: 	45.8 	28.9 	: 	: 	: 	: 
PC_HH,FTTP_DOCSIS3_0,DEG3,IE	: 	: 	: 	5.5 	4.3 	: 	: 	: 	: 
PC_HH,FTTP_DOCSIS3_0,DEG3,IS	: 	: 	: 	39.4 	29.1 	: 	: 	: 	: 
PC_HH,FTTP_DOCSIS3_0,DEG3,IT	: 	: 	: 	0.8 	0.8 	: 	: 	: 	: 
PC_HH,FTTP_DOCSIS3_0,DEG3,LT	: 	: 	: 	27.1 	24.1 	: 	: 	: 	: 
PC_HH,FTTP_DOCSIS3_0,DEG3,LU	: 	: 	: 	53.3 	35.1 	: 	: 	: 	: 
PC_HH,FTTP_DOCSIS3_0,DEG3,LV	: 	: 	: 	73.6 	70.1 	: 	: 	: 	: 
PC_HH,FTTP_DOCSIS3_0,DEG3,MT	: 	: 	: 	99.9 	99.9 	: 	: 	: 	: 
PC_HH,FTTP_DOCSIS3_0,DEG3,NL	: 	: 	: 	80.3 	93.2 	: 	: 	: 	: 
PC_HH,FTTP_DOCSIS3_0,DEG3,NO	: 	: 	: 	33.9 	25.2 	: 	: 	: 	: 
PC_HH,FTTP_DOCSIS3_0,DEG3,PL	: 	: 	: 	14.6 	10.3 	: 	: 	: 	: 
PC_HH,FTTP_DOCSIS3_0,DEG3,PT	: 	: 	: 	66.6 	65.5 	: 	: 	: 	: 
PC_HH,FTTP_DOCSIS3_0,DEG3,RO	: 	: 	: 	39.3 	37.5 	: 	: 	: 	: 
PC_HH,FTTP_DOCSIS3_0,DEG3,SE	: 	: 	: 	31 	22.3 	: 	: 	: 	: 
PC_HH,FTTP_DOCSIS3_0,DEG3,SI	: 	: 	: 	49.1 	42.4 	: 	: 	: 	: 
PC_HH,FTTP_DOCSIS3_0,DEG3,SK	: 	: 	: 	12.1 	9.4 	: 	: 	: 	: 
PC_HH,FTTP_DOCSIS3_0,DEG3,UK	: 	: 	: 	10.7 	6.1 	: 	: 	: 	: 
PC_HH,FTTP_DOCSIS3_0,TOTAL,AT	: 	: 	: 	57.5 	56.2 	: 	: 	: 	: 
PC_HH,FTTP_DOCSIS3_0,TOTAL,BE	: 	: 	: 	94.6 	91.6 	: 	: 	: 	: 
PC_HH,FTTP_DOCSIS3_0,TOTAL,BG	: 	: 	: 	74.6 	74.6 	: 	: 	: 	: 
PC_HH,FTTP_DOCSIS3_0,TOTAL,CH	: 	: 	: 	88.4 	88.2 	: 	: 	: 	: 
PC_HH,FTTP_DOCSIS3_0,TOTAL,CY	: 	: 	: 	52.9 	45 	: 	: 	: 	: 
PC_HH,FTTP_DOCSIS3_0,TOTAL,CZ	: 	: 	: 	55.6 	51.7 	: 	: 	: 	: 
PC_HH,FTTP_DOCSIS3_0,TOTAL,DE	: 	: 	: 	66.3 	65.7 	: 	: 	: 	: 
PC_HH,FTTP_DOCSIS3_0,TOTAL,DK	: 	: 	: 	92.2 	85.9 	: 	: 	: 	: 
PC_HH,FTTP_DOCSIS3_0,TOTAL,EE	: 	: 	: 	82.8 	71.3 	: 	: 	: 	: 
PC_HH,FTTP_DOCSIS3_0,TOTAL,EL	: 	: 	: 	0.4 	0.4 	: 	: 	: 	: 
PC_HH,FTTP_DOCSIS3_0,TOTAL,ES	: 	: 	: 	87.2 	83.6 	: 	: 	: 	: 
PC_HH,FTTP_DOCSIS3_0,TOTAL,EU27_2020	: 	: 	: 	60.3 	57.2 	: 	: 	: 	: 
PC_HH,FTTP_DOCSIS3_0,TOTAL,FI	: 	: 	: 	57.9 	59.1 	: 	: 	: 	: 
PC_HH,FTTP_DOCSIS3_0,TOTAL,FR	: 	: 	: 	49.3 	42.2 	: 	: 	: 	: 
PC_HH,FTTP_DOCSIS3_0,TOTAL,HR	: 	: 	: 	39.3 	34.6 	: 	: 	: 	: 
PC_HH,FTTP_DOCSIS3_0,TOTAL,HU	: 	: 	: 	81.6 	76.4 	: 	: 	: 	: 
PC_HH,FTTP_DOCSIS3_0,TOTAL,IE	: 	: 	: 	56.1 	52.6 	: 	: 	: 	: 
PC_HH,FTTP_DOCSIS3_0,TOTAL,IS	: 	: 	: 	76.6 	72.3 	: 	: 	: 	: 
PC_HH,FTTP_DOCSIS3_0,TOTAL,IT	: 	: 	: 	23.9 	21.7 	: 	: 	: 	: 
PC_HH,FTTP_DOCSIS3_0,TOTAL,LT	: 	: 	: 	60.6 	54.4 	: 	: 	: 	: 
PC_HH,FTTP_DOCSIS3_0,TOTAL,LU	: 	: 	: 	92 	86.6 	: 	: 	: 	: 
PC_HH,FTTP_DOCSIS3_0,TOTAL,LV	: 	: 	: 	89.9 	88.4 	: 	: 	: 	: 
PC_HH,FTTP_DOCSIS3_0,TOTAL,MT	: 	: 	: 	99.9 	99.9 	: 	: 	: 	: 
PC_HH,FTTP_DOCSIS3_0,TOTAL,NL	: 	: 	: 	93 	92.9 	: 	: 	: 	: 
PC_HH,FTTP_DOCSIS3_0,TOTAL,NO	: 	: 	: 	81.9 	79.7 	: 	: 	: 	: 
PC_HH,FTTP_DOCSIS3_0,TOTAL,PL	: 	: 	: 	54.1 	49.3 	: 	: 	: 	: 
PC_HH,FTTP_DOCSIS3_0,TOTAL,PT	: 	: 	: 	75.6 	71.7 	: 	: 	: 	: 
PC_HH,FTTP_DOCSIS3_0,TOTAL,RO	: 	: 	: 	74.8 	72.8 	: 	: 	: 	: 
PC_HH,FTTP_DOCSIS3_0,TOTAL,SE	: 	: 	: 	78.4 	73.3 	: 	: 	: 	: 
PC_HH,FTTP_DOCSIS3_0,TOTAL,SI	: 	: 	: 	79.5 	74.6 	: 	: 	: 	: 
PC_HH,FTTP_DOCSIS3_0,TOTAL,SK	: 	: 	: 	55.5 	53.8 	: 	: 	: 	: 
PC_HH,FTTP_DOCSIS3_0,TOTAL,UK	: 	: 	: 	52.5 	48.3 	: 	: 	: 	: 
PC_HH,FTTP_DOCSIS3_1,DEG3,AT	15.7 	12 	10 	: 	: 	: 	: 	: 	: 
PC_HH,FTTP_DOCSIS3_1,DEG3,BE	55.1 	10.6 	9.3 	: 	: 	: 	: 	: 	: 
PC_HH,FTTP_DOCSIS3_1,DEG3,BG	61 	48.7 	35.7 	: 	: 	: 	: 	: 	: 
PC_HH,FTTP_DOCSIS3_1,DEG3,CH	77 	73.5 	67.5 	: 	: 	: 	: 	: 	: 
PC_HH,FTTP_DOCSIS3_1,DEG3,CY	22.4 	19.5 	16.6 	: 	: 	: 	: 	: 	: 
PC_HH,FTTP_DOCSIS3_1,DEG3,CZ	7 	6.4 	5.9 	: 	: 	: 	: 	: 	: 
PC_HH,FTTP_DOCSIS3_1,DEG3,DE	22.5 	16.4 	10.3 	: 	: 	: 	: 	: 	: 
PC_HH,FTTP_DOCSIS3_1,DEG3,DK	79.1 	72.6 	69.2 	: 	: 	: 	: 	: 	: 
PC_HH,FTTP_DOCSIS3_1,DEG3,EE	21.1 	20.5 	19.8 	: 	: 	: 	: 	: 	: 
PC_HH,FTTP_DOCSIS3_1,DEG3,EL	0 	0 	0 	: 	: 	: 	: 	: 	: 
PC_HH,FTTP_DOCSIS3_1,DEG3,ES	71.5 	64.2 	51.9 	: 	: 	: 	: 	: 	: 
PC_HH,FTTP_DOCSIS3_1,DEG3,EU27_2020	37.1 	28.7 	22.2 	: 	: 	: 	: 	: 	: 
PC_HH,FTTP_DOCSIS3_1,DEG3,FI	12.4 	9.4 	9.1 	: 	: 	: 	: 	: 	: 
PC_HH,FTTP_DOCSIS3_1,DEG3,FR	28.8 	18.4 	12.4 	: 	: 	: 	: 	: 	: 
PC_HH,FTTP_DOCSIS3_1,DEG3,HR	14 	10.6 	9.5 	: 	: 	: 	: 	: 	: 
PC_HH,FTTP_DOCSIS3_1,DEG3,HU	38.3 	35.6 	28.9 	: 	: 	: 	: 	: 	: 
PC_HH,FTTP_DOCSIS3_1,DEG3,IE	45.8 	24 	13.5 	: 	: 	: 	: 	: 	: 
PC_HH,FTTP_DOCSIS3_1,DEG3,IS	78.4 	66.3 	54.7 	: 	: 	: 	: 	: 	: 
PC_HH,FTTP_DOCSIS3_1,DEG3,IT	17.3 	8.4 	2.1 	: 	: 	: 	: 	: 	: 
PC_HH,FTTP_DOCSIS3_1,DEG3,LT	37.1 	23.3 	22.5 	: 	: 	: 	: 	: 	: 
PC_HH,FTTP_DOCSIS3_1,DEG3,LU	79.1 	80.8 	78.9 	: 	: 	: 	: 	: 	: 
PC_HH,FTTP_DOCSIS3_1,DEG3,LV	75.2 	73.8 	73.2 	: 	: 	: 	: 	: 	: 
PC_HH,FTTP_DOCSIS3_1,DEG3,MT	100 	100 	100 	: 	: 	: 	: 	: 	: 
PC_HH,FTTP_DOCSIS3_1,DEG3,NL	79.1 	71.9 	71.2 	: 	: 	: 	: 	: 	: 
PC_HH,FTTP_DOCSIS3_1,DEG3,NO	64 	56.3 	44.8 	: 	: 	: 	: 	: 	: 
PC_HH,FTTP_DOCSIS3_1,DEG3,PL	33.4 	24.9 	18.7 	: 	: 	: 	: 	: 	: 
PC_HH,FTTP_DOCSIS3_1,DEG3,PT	75.9 	70.3 	69.4 	: 	: 	: 	: 	: 	: 
PC_HH,FTTP_DOCSIS3_1,DEG3,RO	75.7 	55.6 	39.1 	: 	: 	: 	: 	: 	: 
PC_HH,FTTP_DOCSIS3_1,DEG3,SE	54.3 	48.1 	40.6 	: 	: 	: 	: 	: 	: 
PC_HH,FTTP_DOCSIS3_1,DEG3,SI	46.4 	39 	38 	: 	: 	: 	: 	: 	: 
PC_HH,FTTP_DOCSIS3_1,DEG3,SK	21.6 	18 	15.3 	: 	: 	: 	: 	: 	: 
PC_HH,FTTP_DOCSIS3_1,DEG3,UK	16.6 	11.9 	5.9 	: 	: 	: 	: 	: 	: 
PC_HH,FTTP_DOCSIS3_1,TOTAL,AT	45.4 	39.3 	13.8 	: 	: 	: 	: 	: 	: 
PC_HH,FTTP_DOCSIS3_1,TOTAL,BE	68.9 	67.5 	66.5 	: 	: 	: 	: 	: 	: 
PC_HH,FTTP_DOCSIS3_1,TOTAL,BG	84.7 	75.2 	65.2 	: 	: 	: 	: 	: 	: 
PC_HH,FTTP_DOCSIS3_1,TOTAL,CH	86.6 	85.9 	79.4 	: 	: 	: 	: 	: 	: 
PC_HH,FTTP_DOCSIS3_1,TOTAL,CY	41.4 	26.2 	10.1 	: 	: 	: 	: 	: 	: 
PC_HH,FTTP_DOCSIS3_1,TOTAL,CZ	52.5 	33.3 	29.3 	: 	: 	: 	: 	: 	: 
PC_HH,FTTP_DOCSIS3_1,TOTAL,DE	74.9 	55.9 	32.7 	: 	: 	: 	: 	: 	: 
PC_HH,FTTP_DOCSIS3_1,TOTAL,DK	94.9 	93.8 	93 	: 	: 	: 	: 	: 	: 
PC_HH,FTTP_DOCSIS3_1,TOTAL,EE	73.4 	70.9 	57.4 	: 	: 	: 	: 	: 	: 
PC_HH,FTTP_DOCSIS3_1,TOTAL,EL	19.8 	10.2 	7.1 	: 	: 	: 	: 	: 	: 
PC_HH,FTTP_DOCSIS3_1,TOTAL,ES	93.8 	91.7 	89 	: 	: 	: 	: 	: 	: 
PC_HH,FTTP_DOCSIS3_1,TOTAL,EU27_2020	70.2 	59.8 	50.1 	: 	: 	: 	: 	: 	: 
PC_HH,FTTP_DOCSIS3_1,TOTAL,FI	68 	66.7 	61.8 	: 	: 	: 	: 	: 	: 
PC_HH,FTTP_DOCSIS3_1,TOTAL,FR	63.4 	52.6 	43.8 	: 	: 	: 	: 	: 	: 
PC_HH,FTTP_DOCSIS3_1,TOTAL,HR	51.7 	46.5 	43.2 	: 	: 	: 	: 	: 	: 
PC_HH,FTTP_DOCSIS3_1,TOTAL,HU	78.6 	48.6 	42.6 	: 	: 	: 	: 	: 	: 
PC_HH,FTTP_DOCSIS3_1,TOTAL,IE	88.7 	83.3 	35.4 	: 	: 	: 	: 	: 	: 
PC_HH,FTTP_DOCSIS3_1,TOTAL,IS	88.7 	83.6 	82 	: 	: 	: 	: 	: 	: 
PC_HH,FTTP_DOCSIS3_1,TOTAL,IT	44.2 	33.7 	30 	: 	: 	: 	: 	: 	: 
PC_HH,FTTP_DOCSIS3_1,TOTAL,LT	78.2 	67.1 	61 	: 	: 	: 	: 	: 	: 
PC_HH,FTTP_DOCSIS3_1,TOTAL,LU	95.9 	95.1 	92 	: 	: 	: 	: 	: 	: 
PC_HH,FTTP_DOCSIS3_1,TOTAL,LV	90.7 	88.1 	88.1 	: 	: 	: 	: 	: 	: 
PC_HH,FTTP_DOCSIS3_1,TOTAL,MT	100 	100 	100 	: 	: 	: 	: 	: 	: 
PC_HH,FTTP_DOCSIS3_1,TOTAL,NL	90.6 	89.8 	88.6 	: 	: 	: 	: 	: 	: 
PC_HH,FTTP_DOCSIS3_1,TOTAL,NO	75.8 	73.7 	71.4 	: 	: 	: 	: 	: 	: 
PC_HH,FTTP_DOCSIS3_1,TOTAL,PL	70 	64.6 	60.3 	: 	: 	: 	: 	: 	: 
PC_HH,FTTP_DOCSIS3_1,TOTAL,PT	90.5 	86.6 	83 	: 	: 	: 	: 	: 	: 
PC_HH,FTTP_DOCSIS3_1,TOTAL,RO	87.1 	75.9 	68.1 	: 	: 	: 	: 	: 	: 
PC_HH,FTTP_DOCSIS3_1,TOTAL,SE	82.5 	80.5 	77.1 	: 	: 	: 	: 	: 	: 
PC_HH,FTTP_DOCSIS3_1,TOTAL,SI	72.4 	65.6 	63.8 	: 	: 	: 	: 	: 	: 
PC_HH,FTTP_DOCSIS3_1,TOTAL,SK	66.7 	50.2 	45.5 	: 	: 	: 	: 	: 	: 
PC_HH,FTTP_DOCSIS3_1,TOTAL,UK	39.9 	21 	8.5 	: 	: 	: 	: 	: 	: 
PC_HH,FWA,DEG3,AT	26.2 	25.1 	28.9 	: 	: 	: 	: 	: 	: 
PC_HH,FWA,DEG3,BE	94.9 	0 	0 	: 	: 	: 	: 	: 	: 
PC_HH,FWA,DEG3,BG	9.8 	9.8 	9.8 	: 	: 	: 	: 	: 	: 
PC_HH,FWA,DEG3,CH	0 	0 	0 	: 	: 	: 	: 	: 	: 
PC_HH,FWA,DEG3,CY	4.2 	4 	0 	: 	: 	: 	: 	: 	: 
PC_HH,FWA,DEG3,CZ	85.3 	82 	74.6 	: 	: 	: 	: 	: 	: 
PC_HH,FWA,DEG3,DE	87.9 	86.7 	85.1 	: 	: 	: 	: 	: 	: 
PC_HH,FWA,DEG3,DK	15.6 	15.3 	12 	: 	: 	: 	: 	: 	: 
PC_HH,FWA,DEG3,EE	9.1 	6.1 	5.9 	: 	: 	: 	: 	: 	: 
PC_HH,FWA,DEG3,EL	3.9 	4.3 	4.5 	: 	: 	: 	: 	: 	: 
PC_HH,FWA,DEG3,ES	62.3 	64 	62.9 	: 	: 	: 	: 	: 	: 
PC_HH,FWA,DEG3,EU27_2020	53.6 	49 	46.4 	: 	: 	: 	: 	: 	: 
PC_HH,FWA,DEG3,FI	0 	0 	0 	: 	: 	: 	: 	: 	: 
PC_HH,FWA,DEG3,FR	91.2 	88.4 	87.1 	: 	: 	: 	: 	: 	: 
PC_HH,FWA,DEG3,HR	6.7 	6.7 	6 	: 	: 	: 	: 	: 	: 
PC_HH,FWA,DEG3,HU	0 	0 	0 	: 	: 	: 	: 	: 	: 
PC_HH,FWA,DEG3,IE	19.4 	17.8 	17.6 	: 	: 	: 	: 	: 	: 
PC_HH,FWA,DEG3,IS	19.6 	20.6 	20.6 	: 	: 	: 	: 	: 	: 
PC_HH,FWA,DEG3,IT	97.2 	57.9 	41 	: 	: 	: 	: 	: 	: 
PC_HH,FWA,DEG3,LT	0 	0 	0 	: 	: 	: 	: 	: 	: 
PC_HH,FWA,DEG3,LU	0 	0 	0 	: 	: 	: 	: 	: 	: 
PC_HH,FWA,DEG3,LV	84.7 	84.4 	84.1 	: 	: 	: 	: 	: 	: 
PC_HH,FWA,DEG3,MT	100 	100 	100 	: 	: 	: 	: 	: 	: 
PC_HH,FWA,DEG3,NL	87.3 	87 	87 	: 	: 	: 	: 	: 	: 
PC_HH,FWA,DEG3,NO	84.9 	93.5 	0 	: 	: 	: 	: 	: 	: 
PC_HH,FWA,DEG3,PL	16.9 	15.7 	14.3 	: 	: 	: 	: 	: 	: 
PC_HH,FWA,DEG3,PT	0 	0 	0 	: 	: 	: 	: 	: 	: 
PC_HH,FWA,DEG3,RO	25.3 	24.5 	24.5 	: 	: 	: 	: 	: 	: 
PC_HH,FWA,DEG3,SE	0.6 	0.4 	0.3 	: 	: 	: 	: 	: 	: 
PC_HH,FWA,DEG3,SI	27.4 	33.3 	28.9 	: 	: 	: 	: 	: 	: 
PC_HH,FWA,DEG3,SK	94.3 	94.3 	85.8 	: 	: 	: 	: 	: 	: 
PC_HH,FWA,DEG3,UK	3.5 	2.8 	1.5 	: 	: 	: 	: 	: 	: 
PC_HH,FWA,TOTAL,AT	19.9 	16.2 	41.5 	: 	: 	: 	: 	: 	: 
PC_HH,FWA,TOTAL,BE	97.7 	0 	0 	: 	: 	: 	: 	: 	: 
PC_HH,FWA,TOTAL,BG	18.8 	18.8 	18.8 	: 	: 	: 	: 	: 	: 
PC_HH,FWA,TOTAL,CH	0 	0 	0 	: 	: 	: 	: 	: 	: 
PC_HH,FWA,TOTAL,CY	88.8 	88.8 	0 	: 	: 	: 	: 	: 	: 
PC_HH,FWA,TOTAL,CZ	81.4 	69.5 	62.1 	: 	: 	: 	: 	: 	: 
PC_HH,FWA,TOTAL,DE	90 	89.7 	88.7 	: 	: 	: 	: 	: 	: 
PC_HH,FWA,TOTAL,DK	9.8 	5.6 	7.9 	: 	: 	: 	: 	: 	: 
PC_HH,FWA,TOTAL,EE	8.6 	7.9 	5.8 	: 	: 	: 	: 	: 	: 
PC_HH,FWA,TOTAL,EL	0.8 	0.9 	0.9 	: 	: 	: 	: 	: 	: 
PC_HH,FWA,TOTAL,ES	35.3 	35.5 	35.7 	: 	: 	: 	: 	: 	: 
PC_HH,FWA,TOTAL,EU27_2020	58.2 	51.8 	51.6 	: 	: 	: 	: 	: 	: 
PC_HH,FWA,TOTAL,FI	0 	0 	0 	: 	: 	: 	: 	: 	: 
PC_HH,FWA,TOTAL,FR	58.1 	56.5 	55 	: 	: 	: 	: 	: 	: 
PC_HH,FWA,TOTAL,HR	4.4 	5.4 	4.9 	: 	: 	: 	: 	: 	: 
PC_HH,FWA,TOTAL,HU	0 	0 	0 	: 	: 	: 	: 	: 	: 
PC_HH,FWA,TOTAL,IE	30 	29.8 	29.7 	: 	: 	: 	: 	: 	: 
PC_HH,FWA,TOTAL,IS	2.1 	2.2 	2.2 	: 	: 	: 	: 	: 	: 
PC_HH,FWA,TOTAL,IT	97.3 	72.3 	72.9 	: 	: 	: 	: 	: 	: 
PC_HH,FWA,TOTAL,LT	0 	0 	0 	: 	: 	: 	: 	: 	: 
PC_HH,FWA,TOTAL,LU	0 	0 	0 	: 	: 	: 	: 	: 	: 
PC_HH,FWA,TOTAL,LV	94 	94 	94 	: 	: 	: 	: 	: 	: 
PC_HH,FWA,TOTAL,MT	100 	100 	100 	: 	: 	: 	: 	: 	: 
PC_HH,FWA,TOTAL,NL	86.7 	86.7 	86.7 	: 	: 	: 	: 	: 	: 
PC_HH,FWA,TOTAL,NO	94.1 	97.9 	0 	: 	: 	: 	: 	: 	: 
PC_HH,FWA,TOTAL,PL	15.5 	14.7 	13.4 	: 	: 	: 	: 	: 	: 
PC_HH,FWA,TOTAL,PT	0 	0 	0 	: 	: 	: 	: 	: 	: 
PC_HH,FWA,TOTAL,RO	58 	56.1 	56.1 	: 	: 	: 	: 	: 	: 
PC_HH,FWA,TOTAL,SE	0.4 	0.2 	0.2 	: 	: 	: 	: 	: 	: 
PC_HH,FWA,TOTAL,SI	29.7 	36.2 	33.7 	: 	: 	: 	: 	: 	: 
PC_HH,FWA,TOTAL,SK	94.8 	94.8 	78.1 	: 	: 	: 	: 	: 	: 
PC_HH,FWA,TOTAL,UK	5.8 	4.9 	3 	: 	: 	: 	: 	: 	: 
PC_HH,HSPA,DEG3,AT	: 	: 	: 	97.1 	93.4 	93.4 	85.2 	85.1 	85.2 
PC_HH,HSPA,DEG3,BE	: 	: 	: 	99.9 	99.9 	99.4 	81 	77.4 	75.8 
PC_HH,HSPA,DEG3,BG	: 	: 	: 	100 	100 	100 	99.6 	97.9 	98.5 
PC_HH,HSPA,DEG3,CH	: 	: 	: 	99.3 	99.3 	98.7 	97.6 	96.1 	96 
PC_HH,HSPA,DEG3,CY	: 	: 	: 	99.6 	99 	99 	99 	99 	99 
PC_HH,HSPA,DEG3,CZ	: 	: 	: 	84.9 	84.9 	84.9 	79.2 	79.2 	64.2 
PC_HH,HSPA,DEG3,DE	: 	: 	: 	60.4 	60.6 	61.6 	59.6 	62.5 	59.9 
PC_HH,HSPA,DEG3,DK	: 	: 	: 	100 	100 	99.8 	98.1 	99 	94 
PC_HH,HSPA,DEG3,EE	: 	: 	: 	98.1 	97.7 	97.5 	98 	98 	97.1 
PC_HH,HSPA,DEG3,EL	: 	: 	: 	96.1 	94.1 	92.3 	96.7 	96.6 	97.5 
PC_HH,HSPA,DEG3,ES	: 	: 	: 	99.5 	99.5 	98.7 	98.4 	98.4 	95.1 
PC_HH,HSPA,DEG3,EU27_2020	: 	: 	: 	93.9 	93.4 	92.5 	90.6 	89.9 	87 
PC_HH,HSPA,DEG3,FI	: 	: 	: 	99.9 	99.5 	100 	100 	97.2 	97.2 
PC_HH,HSPA,DEG3,FR	: 	: 	: 	99.8 	99.7 	99 	98.7 	98.6 	98.6 
PC_HH,HSPA,DEG3,HR	: 	: 	: 	96.9 	97.2 	96.4 	91 	89.9 	72.8 
PC_HH,HSPA,DEG3,HU	: 	: 	: 	95.5 	95.5 	94.7 	94.6 	94.2 	90.2 
PC_HH,HSPA,DEG3,IE	: 	: 	: 	97.2 	99.5 	97.9 	85.4 	85.3 	86.5 
PC_HH,HSPA,DEG3,IS	: 	: 	: 	0 	0 	0 	0 	0 	0 
PC_HH,HSPA,DEG3,IT	: 	: 	: 	95.8 	95 	94.9 	86.3 	81.5 	76.5 
PC_HH,HSPA,DEG3,LT	: 	: 	: 	99 	98.4 	98.1 	96.4 	95.6 	94.1 
PC_HH,HSPA,DEG3,LU	: 	: 	: 	99.2 	99.2 	99.2 	99.6 	99.6 	99.6 
PC_HH,HSPA,DEG3,LV	: 	: 	: 	100 	100 	100 	97.3 	97.3 	96.5 
PC_HH,HSPA,DEG3,MT	: 	: 	: 	99.2 	99.2 	99.2 	99 	95.7 	98.9 
PC_HH,HSPA,DEG3,NL	: 	: 	: 	99.4 	99.4 	66.2 	98.3 	95.5 	90.5 
PC_HH,HSPA,DEG3,NO	: 	: 	: 	99.6 	98.7 	99.3 	95.6 	95 	83.9 
PC_HH,HSPA,DEG3,PL	: 	: 	: 	100 	100 	100 	98.1 	97.8 	94.9 
PC_HH,HSPA,DEG3,PT	: 	: 	: 	98.3 	95.7 	94.2 	84.4 	78 	73.5 
PC_HH,HSPA,DEG3,RO	: 	: 	: 	100 	100 	100 	99.5 	99.3 	99.3 
PC_HH,HSPA,DEG3,SE	: 	: 	: 	99.5 	99.4 	99.2 	96.5 	96.5 	97.9 
PC_HH,HSPA,DEG3,SI	: 	: 	: 	96 	94.2 	93.1 	91.5 	91.1 	89.5 
PC_HH,HSPA,DEG3,SK	: 	: 	: 	91.9 	77.1 	78.5 	71.7 	69.3 	68.9 
PC_HH,HSPA,DEG3,UK	: 	: 	: 	99.3 	94.4 	88.8 	88.8 	88.8 	85.1 
PC_HH,HSPA,TOTAL,AT	: 	: 	: 	99.6 	99.1 	99.1 	98 	98 	97.9 
PC_HH,HSPA,TOTAL,BE	: 	: 	: 	100 	100 	100 	97.9 	97.8 	98.8 
PC_HH,HSPA,TOTAL,BG	: 	: 	: 	100 	100 	100 	99.9 	99.6 	99.6 
PC_HH,HSPA,TOTAL,CH	: 	: 	: 	99.8 	99.8 	99.5 	99.4 	99 	98.8 
PC_HH,HSPA,TOTAL,CY	: 	: 	: 	99.6 	99.6 	99 	99 	99 	99 
PC_HH,HSPA,TOTAL,CZ	: 	: 	: 	97 	97 	97 	97 	97 	94.9 
PC_HH,HSPA,TOTAL,DE	: 	: 	: 	91.3 	91.5 	92.1 	91.5 	90.7 	92.2 
PC_HH,HSPA,TOTAL,DK	: 	: 	: 	100 	100 	100 	99 	99 	99.1 
PC_HH,HSPA,TOTAL,EE	: 	: 	: 	98.1 	97.7 	98.8 	98.9 	99 	95.8 
PC_HH,HSPA,TOTAL,EL	: 	: 	: 	99.1 	98.6 	98.5 	99.3 	99.3 	99.5 
PC_HH,HSPA,TOTAL,ES	: 	: 	: 	99.9 	99.9 	99.7 	99.7 	99.7 	99.1 
PC_HH,HSPA,TOTAL,EU27_2020	: 	: 	: 	97.8 	97.8 	97.9 	97.4 	97 	96.9 
PC_HH,HSPA,TOTAL,FI	: 	: 	: 	100 	99.9 	100 	100 	99.5 	99.5 
PC_HH,HSPA,TOTAL,FR	: 	: 	: 	99.8 	99.9 	99.9 	99.8 	99.8 	99.8 
PC_HH,HSPA,TOTAL,HR	: 	: 	: 	99.3 	99.4 	99.2 	98 	97.7 	93.9 
PC_HH,HSPA,TOTAL,HU	: 	: 	: 	98.6 	98.6 	98.3 	98.3 	98.2 	97 
PC_HH,HSPA,TOTAL,IE	: 	: 	: 	98.1 	99.5 	99.2 	94.6 	94.6 	94.8 
PC_HH,HSPA,TOTAL,IS	: 	: 	: 	93.9 	94 	93.8 	92.9 	91.9 	91.7 
PC_HH,HSPA,TOTAL,IT	: 	: 	: 	99.5 	99.4 	99.4 	98.3 	97.7 	97 
PC_HH,HSPA,TOTAL,LT	: 	: 	: 	99.7 	99.5 	99.4 	98.9 	98.6 	95.2 
PC_HH,HSPA,TOTAL,LU	: 	: 	: 	98.9 	98.9 	98.9 	99.6 	99.6 	99.6 
PC_HH,HSPA,TOTAL,LV	: 	: 	: 	100 	100 	100 	99.2 	99.2 	99 
PC_HH,HSPA,TOTAL,MT	: 	: 	: 	99.9 	99.9 	99.9 	99 	99 	100 
PC_HH,HSPA,TOTAL,NL	: 	: 	: 	99.6 	99.6 	99.6 	99.6 	99.6 	99 
PC_HH,HSPA,TOTAL,NO	: 	: 	: 	99.8 	99.7 	99.9 	99 	98.6 	96.5 
PC_HH,HSPA,TOTAL,PL	: 	: 	: 	100 	100 	100 	99.3 	99.5 	98.3 
PC_HH,HSPA,TOTAL,PT	: 	: 	: 	99.2 	98.8 	98.8 	97.1 	96.7 	95.3 
PC_HH,HSPA,TOTAL,RO	: 	: 	: 	100 	100 	100 	99.8 	99.7 	99.7 
PC_HH,HSPA,TOTAL,SE	: 	: 	: 	100 	99.9 	99.9 	99.1 	99.1 	99.7 
PC_HH,HSPA,TOTAL,SI	: 	: 	: 	98.9 	98.4 	98.1 	98 	97.9 	97.6 
PC_HH,HSPA,TOTAL,SK	: 	: 	: 	96.6 	92.3 	90.7 	91.8 	91.1 	86.1 
PC_HH,HSPA,TOTAL,UK	: 	: 	: 	99.9 	99 	99 	99 	99 	98.5 
PC_HH,LTE,DEG3,AT	99.7 	99.9 	96.6 	96.4 	92.7 	92.6 	25.6 	4.6 	0.3 
PC_HH,LTE,DEG3,BE	100 	100 	100 	99.7 	99.7 	98.6 	38 	28.2 	3.9 
PC_HH,LTE,DEG3,BG	99.7 	99.7 	97.3 	93.4 	59.3 	18.7 	0 	0 	0 
PC_HH,LTE,DEG3,CH	99.9 	99.9 	99.8 	99.7 	99.4 	93.8 	72.2 	69.9 	25.7 
PC_HH,LTE,DEG3,CY	97.4 	97.3 	96.6 	79.8 	77.8 	0 	0 	0 	0 
PC_HH,LTE,DEG3,CZ	99.8 	99.8 	99.8 	95.8 	95.8 	95.8 	56.3 	43.4 	0 
PC_HH,LTE,DEG3,DE	99.9 	98.6 	96.7 	90.6 	87.9 	87.8 	82.5 	78.8 	65.9 
PC_HH,LTE,DEG3,DK	100 	100 	100 	100 	100 	99.8 	99 	99 	10 
PC_HH,LTE,DEG3,EE	99.4 	100 	99.5 	99.3 	98.5 	95.5 	80.6 	74.7 	74 
PC_HH,LTE,DEG3,EL	97.6 	96.1 	95.8 	93.5 	76 	55.8 	36.1 	23.1 	13 
PC_HH,LTE,DEG3,ES	100 	99.3 	98.8 	97.5 	87 	73.3 	26.8 	20.1 	2.2 
PC_HH,LTE,DEG3,EU27_2020	99.6 	98.6 	98.1 	95.9 	90.5 	80.3 	50.1 	40.2 	26.5 
PC_HH,LTE,DEG3,FI	100 	99.9 	99.9 	99.9 	100 	100 	60.1 	56.3 	23.6 
PC_HH,LTE,DEG3,FR	99.7 	99.1 	99.8 	99.8 	87.5 	61.7 	5.3 	3.9 	0 
PC_HH,LTE,DEG3,HR	97.8 	97.6 	97 	88.9 	76.5 	56 	10.7 	7.5 	5.3 
PC_HH,LTE,DEG3,HU	99.6 	98.2 	97.7 	97.7 	97.7 	96.2 	84.1 	14.9 	9.9 
PC_HH,LTE,DEG3,IE	97.4 	97.4 	97 	92.7 	91.6 	91.2 	73 	64.6 	2.5 
PC_HH,LTE,DEG3,IS	93.9 	99.1 	99.1 	98.7 	94.9 	90.6 	58.7 	47.9 	0 
PC_HH,LTE,DEG3,IT	99.9 	94.7 	95 	90.7 	89.2 	85.5 	26.8 	16.1 	0.7 
PC_HH,LTE,DEG3,LT	100 	99.9 	99.9 	97.3 	97 	96.9 	68.8 	36 	0 
PC_HH,LTE,DEG3,LU	99.8 	99.6 	99.6 	95.9 	95.2 	91.3 	91.2 	89.5 	58 
PC_HH,LTE,DEG3,LV	99.8 	99.8 	99.8 	95 	94.4 	74.9 	61.4 	4.2 	0 
PC_HH,LTE,DEG3,MT	100 	100 	100 	91.8 	90.2 	51.1 	0 	0 	0 
PC_HH,LTE,DEG3,NL	98.6 	99.3 	99.3 	99.4 	99.4 	98.2 	98.3 	95.5 	42.6 
PC_HH,LTE,DEG3,NO	99.9 	99.9 	99.9 	99.6 	99.6 	99.6 	98.3 	46 	37.1 
PC_HH,LTE,DEG3,PL	99.9 	99.9 	99.9 	99.9 	99.8 	99.7 	93.1 	87.6 	82.4 
PC_HH,LTE,DEG3,PT	98.9 	99 	98.2 	94.6 	93.5 	92.5 	67 	63.8 	51 
PC_HH,LTE,DEG3,RO	99.7 	99 	97.7 	91.1 	84.8 	49.5 	33.8 	17.8 	2.4 
PC_HH,LTE,DEG3,SE	100 	100 	100 	100 	100 	100 	98 	98 	96.5 
PC_HH,LTE,DEG3,SI	99.8 	99.7 	98.8 	98.2 	95.1 	90.9 	81.2 	72.4 	40.6 
PC_HH,LTE,DEG3,SK	95.2 	94.4 	94.4 	90.9 	87.1 	66.4 	8.5 	0 	0 
PC_HH,LTE,DEG3,UK	99 	99.3 	99.3 	99.3 	95.4 	95.3 	10.1 	9.4 	0 
PC_HH,LTE,TOTAL,AT	100 	100 	99.6 	99.5 	99 	99 	89.5 	60.1 	35 
PC_HH,LTE,TOTAL,BE	100 	100 	100 	100 	100 	99.9 	85.6 	67.8 	45.6 
PC_HH,LTE,TOTAL,BG	99.9 	99.9 	99.5 	98.7 	91.9 	76.5 	48.1 	36.1 	0 
PC_HH,LTE,TOTAL,CH	100 	99.9 	99.9 	99.9 	99.8 	98.3 	92.3 	91.8 	67.7 
PC_HH,LTE,TOTAL,CY	99.5 	99.6 	99.6 	97.2 	88 	74.3 	60.2 	0 	0 
PC_HH,LTE,TOTAL,CZ	99.8 	99.8 	99.8 	99.4 	99.4 	99.4 	93.8 	91.9 	12 
PC_HH,LTE,TOTAL,DE	100 	99.7 	98.6 	97.5 	96.5 	96.6 	94 	90.3 	81 
PC_HH,LTE,TOTAL,DK	100 	100 	100 	100 	100 	100 	99 	99 	73.7 
PC_HH,LTE,TOTAL,EE	99.7 	100 	99.4 	99.3 	98.5 	98.8 	84.3 	79.2 	85 
PC_HH,LTE,TOTAL,EL	99.5 	99.2 	99.1 	98.2 	94 	90.1 	79.7 	70.2 	54.8 
PC_HH,LTE,TOTAL,ES	99.9 	99.9 	99.8 	99.5 	97.2 	94.4 	79.1 	76.3 	47.1 
PC_HH,LTE,TOTAL,EU27_2020	99.8 	99.7 	99.3 	98.8 	97.7 	95.5 	86.7 	80.2 	60.3 
PC_HH,LTE,TOTAL,FI	100 	100 	100 	100 	99.6 	100 	92.1 	92.1 	85.5 
PC_HH,LTE,TOTAL,FR	99.9 	99.8 	99.5 	99.3 	98 	93.8 	77.5 	75.4 	68 
PC_HH,LTE,TOTAL,HR	99.5 	99.5 	99.3 	97.6 	94.8 	90.1 	68.9 	58.1 	24.4 
PC_HH,LTE,TOTAL,HU	99.7 	99.3 	99.2 	99.2 	99.2 	98.6 	95 	73 	39.1 
PC_HH,LTE,TOTAL,IE	99 	99 	99 	95.8 	97.2 	96.7 	90.1 	87 	35.2 
PC_HH,LTE,TOTAL,IS	99.7 	99.9 	99.9 	99.9 	98.6 	96.9 	85.9 	73.1 	48.3 
PC_HH,LTE,TOTAL,IT	99.9 	99.3 	98.9 	98.9 	98.7 	98.2 	89.7 	77 	39.3 
PC_HH,LTE,TOTAL,LT	100 	100 	100 	99.2 	99.1 	98.9 	90.2 	79.9 	29.3 
PC_HH,LTE,TOTAL,LU	99.8 	99.8 	99.8 	98.7 	98.6 	98.1 	96.2 	96 	79.9 
PC_HH,LTE,TOTAL,LV	100 	100 	100 	98.6 	98.4 	93 	89 	65 	27.5 
PC_HH,LTE,TOTAL,MT	100 	100 	100 	99.9 	99.9 	99.5 	72 	67 	30 
PC_HH,LTE,TOTAL,NL	96.4 	99.5 	99.4 	99.4 	99.4 	99.3 	99.6 	99.6 	90.4 
PC_HH,LTE,TOTAL,NO	100 	99.9 	99.9 	99.8 	99.7 	100 	99.6 	83 	67.7 
PC_HH,LTE,TOTAL,PL	99.9 	99.9 	99.9 	100 	99.9 	99.9 	95.6 	87.3 	78.4 
PC_HH,LTE,TOTAL,PT	99.8 	99.9 	99.7 	99.2 	98.9 	98.8 	94.3 	94.2 	91.3 
PC_HH,LTE,TOTAL,RO	99.9 	99.7 	99.1 	96.3 	93.6 	75.2 	66.1 	55.8 	25 
PC_HH,LTE,TOTAL,SE	100 	100 	100 	100 	100 	100 	99.2 	99.2 	99.2 
PC_HH,LTE,TOTAL,SI	99.9 	99.9 	99.7 	99.5 	98.6 	97.4 	95.7 	87.7 	61.4 
PC_HH,LTE,TOTAL,SK	98.4 	98.4 	98.4 	97.4 	96.3 	90.3 	61.2 	52.2 	24 
PC_HH,LTE,TOTAL,UK	99.9 	99.9 	99.9 	99.9 	99.5 	99.5 	89.5 	84 	63 
PC_HH,LTE_AVG,TOTAL,AT	99.2 	99.3 	98.2 	98.5 	97 	89.3 	: 	: 	: 
PC_HH,LTE_AVG,TOTAL,BE	100 	100 	99.7 	99.6 	96.6 	94.5 	: 	: 	: 
PC_HH,LTE_AVG,TOTAL,BG	81.4 	80.8 	80.7 	79.7 	71.6 	65.7 	: 	: 	: 
PC_HH,LTE_AVG,TOTAL,CH	99.7 	98.9 	98.6 	98.6 	98.6 	95.6 	: 	: 	: 
PC_HH,LTE_AVG,TOTAL,CY	98.3 	98.3 	98 	94 	77.3 	64.2 	: 	: 	: 
PC_HH,LTE_AVG,TOTAL,CZ	99.5 	99.7 	99.6 	99.1 	98.8 	94.3 	: 	: 	: 
PC_HH,LTE_AVG,TOTAL,DE	98 	94.3 	93.7 	90.1 	87.7 	86 	: 	: 	: 
PC_HH,LTE_AVG,TOTAL,DK	100 	100 	100 	99 	97.5 	97.5 	: 	: 	: 
PC_HH,LTE_AVG,TOTAL,EE	97.9 	98.2 	97.9 	97.6 	97.6 	94.5 	: 	: 	: 
PC_HH,LTE_AVG,TOTAL,EL	98.3 	98 	97 	92.3 	86.2 	77 	: 	: 	: 
PC_HH,LTE_AVG,TOTAL,ES	96.3 	95.3 	95.1 	93.7 	92.3 	85.9 	: 	: 	: 
PC_HH,LTE_AVG,TOTAL,EU27_2020	97.5 	97 	96.1 	93.7 	89.9 	84.4 	: 	: 	: 
PC_HH,LTE_AVG,TOTAL,FI	99.1 	99.1 	99.1 	99 	98.3 	97 	: 	: 	: 
PC_HH,LTE_AVG,TOTAL,FR	99.3 	99.1 	98.6 	95.3 	88.6 	78.3 	: 	: 	: 
PC_HH,LTE_AVG,TOTAL,HR	98.8 	98.3 	98.2 	94.4 	73.3 	66.7 	: 	: 	: 
PC_HH,LTE_AVG,TOTAL,HU	94 	98.5 	96.8 	96.3 	91.5 	92.4 	: 	: 	: 
PC_HH,LTE_AVG,TOTAL,IE	99 	99 	98.7 	95.7 	92.1 	91.8 	: 	: 	: 
PC_HH,LTE_AVG,TOTAL,IS	98.4 	99.6 	99.6 	95 	94.7 	93.2 	: 	: 	: 
PC_HH,LTE_AVG,TOTAL,IT	94.9 	98 	97.1 	97.1 	91.1 	86.2 	: 	: 	: 
PC_HH,LTE_AVG,TOTAL,LT	99.9 	99.8 	99.8 	97.7 	97.7 	95.7 	: 	: 	: 
PC_HH,LTE_AVG,TOTAL,LU	98.4 	98.3 	98 	99 	98.3 	95.4 	: 	: 	: 
PC_HH,LTE_AVG,TOTAL,LV	99.5 	99.5 	99.3 	98.3 	97.7 	90.7 	: 	: 	: 
PC_HH,LTE_AVG,TOTAL,MT	100 	100 	100 	82.9 	99.4 	99.3 	: 	: 	: 
PC_HH,LTE_AVG,TOTAL,NL	96.8 	99.4 	99.3 	99.6 	99.6 	90.6 	: 	: 	: 
PC_HH,LTE_AVG,TOTAL,NO	98.6 	99.9 	99.9 	99.5 	99.4 	99.3 	: 	: 	: 
PC_HH,LTE_AVG,TOTAL,PL	99.5 	99.3 	99.2 	93.3 	91 	90.7 	: 	: 	: 
PC_HH,LTE_AVG,TOTAL,PT	99.4 	96.6 	95.9 	95.9 	93.6 	93.5 	: 	: 	: 
PC_HH,LTE_AVG,TOTAL,RO	97.1 	93.9 	85.4 	77.3 	72 	44.7 	: 	: 	: 
PC_HH,LTE_AVG,TOTAL,SE	98.1 	99.6 	96.8 	96 	95.7 	95.5 	: 	: 	: 
PC_HH,LTE_AVG,TOTAL,SI	99.6 	99.5 	98.8 	98.2 	96.1 	90.1 	: 	: 	: 
PC_HH,LTE_AVG,TOTAL,SK	90.9 	89.6 	88.8 	86.6 	81.5 	70.9 	: 	: 	: 
PC_HH,LTE_AVG,TOTAL,UK	99.3 	99.3 	98.8 	97.8 	97.5 	92.5 	: 	: 	: 
PC_HH,NGA,DEG3,AT	67.7 	37.7 	34 	31.6 	29.2 	28 	25.9 	22.4 	20.6 
PC_HH,NGA,DEG3,BE	91.4 	94.7 	94.3 	92 	90.4 	88.3 	86.4 	84 	74.9 
PC_HH,NGA,DEG3,BG	70.1 	63.9 	50.3 	37.7 	29.5 	22.6 	16.7 	15.1 	0.9 
PC_HH,NGA,DEG3,CH	96.4 	95.5 	95.1 	93.9 	93.3 	92.9 	92.7 	91.6 	87.6 
PC_HH,NGA,DEG3,CY	100 	100 	100 	65 	60 	60 	56.6 	51 	45 
PC_HH,NGA,DEG3,CZ	68.5 	66 	64.2 	62.4 	57.5 	51.9 	26.7 	4.5 	1.9 
PC_HH,NGA,DEG3,DE	85.3 	81.2 	74.6 	66.2 	53.9 	48.9 	36.4 	33.1 	21.3 
PC_HH,NGA,DEG3,DK	86.4 	76.3 	76.7 	70.6 	65.5 	59.2 	54.2 	53.7 	13.1 
PC_HH,NGA,DEG3,EE	65.6 	63.4 	62.4 	61 	37.8 	35.8 	33.8 	30.7 	11 
PC_HH,NGA,DEG3,EL	66.3 	55.4 	40.1 	37.2 	32.4 	1.1 	0.5 	0.5 	0 
PC_HH,NGA,DEG3,ES	78.6 	70.1 	58.7 	47.6 	37.4 	27.7 	23.9 	23.6 	23.1 
PC_HH,NGA,DEG3,EU27_2020	67.5 	59.9 	54.1 	45.5 	39.6 	31.7 	25.7 	22.6 	18 
PC_HH,NGA,DEG3,FI	12.4 	9.4 	9.1 	9.3 	8.3 	8.2 	8.2 	8.1 	7.4 
PC_HH,NGA,DEG3,FR	47.2 	37.5 	33.4 	31.2 	27.4 	25.1 	23 	20 	16.2 
PC_HH,NGA,DEG3,HR	47 	39.2 	34 	31.4 	16.2 	10.8 	9.8 	9.7 	0 
PC_HH,NGA,DEG3,HU	80 	79.4 	77.7 	64.6 	58.1 	46.9 	37.1 	30.8 	29.2 
PC_HH,NGA,DEG3,IE	93.5 	91.2 	90.3 	89.7 	78.6 	53.2 	44.9 	22.1 	6.6 
PC_HH,NGA,DEG3,IS	82.1 	60.4 	51.3 	51.8 	50.5 	47.7 	22.2 	21.2 	7.5 
PC_HH,NGA,DEG3,IT	88.4 	76.2 	68.4 	43.4 	39.2 	15.8 	3.1 	0 	0 
PC_HH,NGA,DEG3,LT	51.8 	29.6 	28.7 	27.5 	24.5 	18 	15.6 	12.4 	7.4 
PC_HH,NGA,DEG3,LU	95.3 	95.1 	94.9 	94.6 	94.5 	94.1 	94.1 	94 	94.1 
PC_HH,NGA,DEG3,LV	83.4 	82 	81.6 	82 	77.6 	77 	67.3 	63.6 	60.5 
PC_HH,NGA,DEG3,MT	100 	100 	100 	99.9 	99.9 	99.9 	99.9 	100 	99.5 
PC_HH,NGA,DEG3,NL	98.9 	96.9 	96.1 	95.8 	93.2 	93.1 	92.3 	91.5 	90.9 
PC_HH,NGA,DEG3,NO	68.7 	70.5 	59.7 	48.5 	40.2 	36.9 	32.2 	31.2 	16.2 
PC_HH,NGA,DEG3,PL	40 	37.1 	32.6 	29 	25.6 	24.3 	23.1 	22 	18.4 
PC_HH,NGA,DEG3,PT	75.9 	70.3 	69.4 	66.6 	63.5 	38.4 	37.2 	34.5 	28.6 
PC_HH,NGA,DEG3,RO	84.7 	66.5 	53.4 	40.4 	38.6 	33.6 	29.5 	27.4 	24.6 
PC_HH,NGA,DEG3,SE	54.6 	48.4 	40.9 	31.4 	22.7 	21.5 	13.9 	13.9 	8.9 
PC_HH,NGA,DEG3,SI	67 	62.7 	62.2 	59.7 	53.9 	50.2 	49.8 	45.8 	42.6 
PC_HH,NGA,DEG3,SK	79.5 	56.1 	45.3 	43.9 	37.7 	32.8 	14.1 	4.3 	3.6 
PC_HH,NGA,DEG3,UK	96 	95.5 	93.3 	90.3 	85.8 	78.2 	47.4 	45.9 	26 
PC_HH,NGA,TOTAL,AT	93.1 	86.6 	78.8 	72.7 	71.8 	68.7 	66.5 	61.5 	57.5 
PC_HH,NGA,TOTAL,BE	99.1 	99.3 	99.1 	98.7 	98.3 	98.4 	98.9 	98.8 	98.3 
PC_HH,NGA,TOTAL,BG	93.3 	87.6 	84.4 	80.5 	77.2 	74.1 	71.8 	69.4 	67.7 
PC_HH,NGA,TOTAL,CH	98.9 	99 	99 	99 	99 	99 	98.9 	98.8 	97.9 
PC_HH,NGA,TOTAL,CY	100 	100 	100 	90 	87.5 	87.5 	84 	80.1 	77 
PC_HH,NGA,TOTAL,CZ	92.6 	91.8 	91.9 	89.8 	88.6 	75.1 	72.9 	68.7 	63.7 
PC_HH,NGA,TOTAL,DE	95.9 	94.7 	92.2 	87.9 	84.1 	81.8 	81.4 	79.3 	74.8 
PC_HH,NGA,TOTAL,DK	97.7 	96.4 	96 	95.4 	94.6 	93.3 	91.7 	93 	82.6 
PC_HH,NGA,TOTAL,EE	90.2 	88.8 	83.7 	82.9 	80.4 	79.1 	78.1 	75.1 	62.6 
PC_HH,NGA,TOTAL,EL	91.7 	86.7 	80.6 	65.9 	52.5 	48.5 	36.3 	34 	26.9 
PC_HH,NGA,TOTAL,ES	94.4 	92.3 	89.8 	88.2 	85 	80.8 	76.6 	73.2 	64.9 
PC_HH,NGA,TOTAL,EU27_2020	90.1 	87.2 	84.2 	80.3 	76.9 	71.9 	66.1 	62.8 	58.1 
PC_HH,NGA,TOTAL,FI	74.8 	75 	75.3 	73.9 	74.1 	73.5 	74.6 	75.1 	72.1 
PC_HH,NGA,TOTAL,FR	73.7 	69 	62.1 	58.5 	51.9 	47 	44.8 	42.6 	40.9 
PC_HH,NGA,TOTAL,HR	87.8 	86.3 	85.6 	82.7 	67.6 	59.9 	52 	47.5 	33.3 
PC_HH,NGA,TOTAL,HU	96.7 	89.5 	89.6 	86.8 	82.7 	80.6 	78.2 	75.6 	75.7 
PC_HH,NGA,TOTAL,IE	96.4 	96.2 	96 	95.9 	92.8 	81.6 	79.7 	70.7 	54 
PC_HH,NGA,TOTAL,IS	98.8 	97.6 	96.9 	95.7 	91.8 	94 	89.2 	88.1 	59.5 
PC_HH,NGA,TOTAL,IT	97 	92.7 	88.9 	87.9 	86.8 	72.3 	41 	31.7 	20.9 
PC_HH,NGA,TOTAL,LT	84.8 	70.8 	69.4 	62.7 	54.4 	50.1 	49.6 	49.2 	48.7 
PC_HH,NGA,TOTAL,LU	99.4 	99.3 	97.8 	97.6 	94.6 	94.4 	94.4 	94.4 	94.3 
PC_HH,NGA,TOTAL,LV	93.9 	93 	93 	92.9 	91.5 	91.1 	90.7 	89.6 	88.8 
PC_HH,NGA,TOTAL,MT	100 	100 	100 	100 	100 	100 	100 	100 	100 
PC_HH,NGA,TOTAL,NL	99.2 	98.3 	98.3 	98.3 	98.3 	98.3 	98.3 	98.4 	97.6 
PC_HH,NGA,TOTAL,NO	91.8 	92.8 	89.3 	83.5 	86.5 	85.3 	79.6 	78 	75.4 
PC_HH,NGA,TOTAL,PL	78.2 	76.2 	75.9 	67.1 	64.8 	61.1 	60.7 	53.4 	52.1 
PC_HH,NGA,TOTAL,PT	90.5 	86.6 	83 	75.6 	71.7 	67.1 	66.4 	65.8 	64.9 
PC_HH,NGA,TOTAL,RO	93.3 	87 	82 	75.6 	74 	71.7 	70.4 	69.2 	65.9 
PC_HH,NGA,TOTAL,SE	85.6 	87.5 	85.1 	81.9 	77.7 	75.2 	73.2 	73.2 	71.2 
PC_HH,NGA,TOTAL,SI	89.5 	87.6 	86.9 	85.9 	83.2 	81.6 	80.8 	80.2 	78.1 
PC_HH,NGA,TOTAL,SK	84.3 	75.2 	73.7 	72.6 	70.2 	64.9 	54.4 	50.5 	47.1 
PC_HH,NGA,TOTAL,UK	97.5 	97.6 	95.7 	95.1 	94.1 	92.1 	90.5 	88.5 	81.8 
PC_HH,SATL,DEG3,AT	100 	100 	100 	100 	100 	100 	100 	100 	100 
PC_HH,SATL,DEG3,BE	100 	100 	100 	100 	100 	100 	100 	100 	100 
PC_HH,SATL,DEG3,BG	100 	100 	100 	100 	100 	100 	100 	100 	100 
PC_HH,SATL,DEG3,CH	100 	100 	100 	100 	100 	100 	100 	100 	100 
PC_HH,SATL,DEG3,CY	100 	100 	100 	100 	100 	100 	100 	100 	100 
PC_HH,SATL,DEG3,CZ	100 	100 	100 	100 	100 	100 	100 	100 	100 
PC_HH,SATL,DEG3,DE	100 	100 	100 	100 	100 	100 	100 	100 	100 
PC_HH,SATL,DEG3,DK	100 	100 	100 	100 	100 	100 	99.5 	100 	100 
PC_HH,SATL,DEG3,EE	75.4 	75.4 	75.4 	75.4 	75.4 	75.4 	75.4 	75.4 	75.3 
PC_HH,SATL,DEG3,EL	100 	100 	100 	100 	100 	100 	100 	100 	100 
PC_HH,SATL,DEG3,ES	100 	100 	100 	100 	100 	100 	100 	100 	100 
PC_HH,SATL,DEG3,EU27_2020	99.9 	99.9 	99.9 	99.9 	99.9 	99.9 	98.6 	98.6 	98.6 
PC_HH,SATL,DEG3,FI	100 	100 	100 	100 	100 	100 	100 	100 	100 
PC_HH,SATL,DEG3,FR	100 	100 	100 	100 	100 	100 	100 	100 	100 
PC_HH,SATL,DEG3,HR	100 	100 	100 	100 	100 	100 	100 	100 	100 
PC_HH,SATL,DEG3,HU	100 	100 	100 	100 	100 	100 	100 	100 	100 
PC_HH,SATL,DEG3,IE	100 	100 	100 	100 	100 	100 	100 	100 	100 
PC_HH,SATL,DEG3,IS	0 	0 	0 	0 	0 	0 	0 	0 	0 
PC_HH,SATL,DEG3,IT	100 	100 	100 	100 	100 	100 	100 	100 	100 
PC_HH,SATL,DEG3,LT	100 	100 	100 	100 	100 	100 	50 	50 	50 
PC_HH,SATL,DEG3,LU	100 	100 	100 	100 	100 	100 	100 	100 	100 
PC_HH,SATL,DEG3,LV	100 	100 	100 	100 	100 	100 	20.3 	20.3 	20.3 
PC_HH,SATL,DEG3,MT	100 	100 	100 	100 	100 	100 	100 	100 	100 
PC_HH,SATL,DEG3,NL	100 	100 	100 	100 	100 	100 	100 	100 	100 
PC_HH,SATL,DEG3,NO	100 	92.7 	92.7 	92.7 	92.7 	92.7 	92.7 	92.7 	92.7 
PC_HH,SATL,DEG3,PL	100 	100 	100 	100 	100 	100 	100 	100 	100 
PC_HH,SATL,DEG3,PT	100 	100 	100 	100 	100 	100 	100 	100 	100 
PC_HH,SATL,DEG3,RO	100 	100 	100 	100 	100 	100 	100 	100 	100 
PC_HH,SATL,DEG3,SE	100 	100 	100 	100 	100 	100 	100 	100 	100 
PC_HH,SATL,DEG3,SI	100 	100 	100 	100 	100 	100 	100 	100 	100 
PC_HH,SATL,DEG3,SK	100 	100 	100 	100 	100 	100 	100 	100 	100 
PC_HH,SATL,DEG3,UK	100 	100 	100 	100 	100 	100 	100 	100 	100 
PC_HH,SATL,TOTAL,AT	100 	100 	100 	100 	100 	100 	100 	100 	100 
PC_HH,SATL,TOTAL,BE	100 	100 	100 	100 	100 	100 	100 	100 	100 
PC_HH,SATL,TOTAL,BG	100 	100 	100 	100 	100 	100 	100 	100 	100 
PC_HH,SATL,TOTAL,CH	100 	100 	100 	100 	100 	100 	100 	100 	100 
PC_HH,SATL,TOTAL,CY	100 	100 	100 	100 	100 	100 	100 	100 	100 
PC_HH,SATL,TOTAL,CZ	100 	100 	100 	100 	100 	100 	100 	100 	100 
PC_HH,SATL,TOTAL,DE	100 	100 	100 	100 	100 	100 	100 	100 	100 
PC_HH,SATL,TOTAL,DK	100 	100 	100 	100 	100 	100 	100 	100 	100 
PC_HH,SATL,TOTAL,EE	75.4 	75.4 	75.4 	75.4 	75.4 	75.4 	75.4 	75.4 	75.4 
PC_HH,SATL,TOTAL,EL	100 	100 	100 	100 	100 	100 	100 	100 	100 
PC_HH,SATL,TOTAL,ES	100 	100 	100 	100 	100 	100 	100 	100 	100 
PC_HH,SATL,TOTAL,EU27_2020	99.9 	99.9 	99.9 	99.9 	99.9 	99.9 	99.3 	99.3 	99.2 
PC_HH,SATL,TOTAL,FI	100 	100 	100 	100 	100 	100 	100 	100 	100 
PC_HH,SATL,TOTAL,FR	100 	100 	100 	100 	100 	100 	100 	100 	100 
PC_HH,SATL,TOTAL,HR	100 	100 	100 	100 	100 	100 	100 	100 	100 
PC_HH,SATL,TOTAL,HU	100 	100 	100 	100 	100 	100 	100 	100 	100 
PC_HH,SATL,TOTAL,IE	100 	100 	100 	100 	100 	100 	100 	100 	100 
PC_HH,SATL,TOTAL,IS	0 	0 	0 	0 	0 	0 	0 	0 	0 
PC_HH,SATL,TOTAL,IT	100 	100 	100 	100 	100 	100 	100 	100 	100 
PC_HH,SATL,TOTAL,LT	100 	100 	100 	100 	100 	100 	50 	50 	50 
PC_HH,SATL,TOTAL,LU	100 	100 	100 	100 	100 	100 	100 	100 	100 
PC_HH,SATL,TOTAL,LV	100 	100 	100 	100 	100 	100 	20.3 	20.3 	20.3 
PC_HH,SATL,TOTAL,MT	100 	100 	100 	100 	100 	100 	100 	100 	100 
PC_HH,SATL,TOTAL,NL	100 	100 	100 	100 	100 	100 	100 	100 	100 
PC_HH,SATL,TOTAL,NO	100 	97.2 	97.2 	97.2 	97.2 	97.3 	97.2 	97.2 	97.2 
PC_HH,SATL,TOTAL,PL	100 	100 	100 	100 	100 	100 	100 	100 	100 
PC_HH,SATL,TOTAL,PT	100 	100 	100 	100 	100 	100 	100 	100 	100 
PC_HH,SATL,TOTAL,RO	100 	100 	100 	100 	100 	100 	100 	100 	100 
PC_HH,SATL,TOTAL,SE	100 	100 	100 	100 	100 	100 	100 	100 	100 
PC_HH,SATL,TOTAL,SI	100 	100 	100 	100 	100 	100 	100 	100 	100 
PC_HH,SATL,TOTAL,SK	100 	100 	100 	100 	100 	100 	100 	100 	100 
PC_HH,SATL,TOTAL,UK	100 	100 	100 	100 	100 	100 	100 	100 	100 
PC_HH,VDSL,DEG3,AT	43 	16.3 	13.6 	13.1 	12 	7.2 	7.1 	5.4 	2.6 
PC_HH,VDSL,DEG3,BE	80.2 	87.3 	87.3 	82.3 	77.7 	73.4 	71.9 	69.2 	57.8 
PC_HH,VDSL,DEG3,BG	8.8 	4.5 	3.7 	1.1 	0 	0 	0 	0 	0 
PC_HH,VDSL,DEG3,CH	89.3 	85.8 	67.6 	60.4 	60.6 	55.5 	39.7 	38.7 	33.9 
PC_HH,VDSL,DEG3,CY	100 	100 	100 	65 	60 	60 	56.6 	51 	45 
PC_HH,VDSL,DEG3,CZ	63.2 	61.1 	59.9 	57.3 	52.2 	47 	23.6 	0 	0 
PC_HH,VDSL,DEG3,DE	79.3 	76.6 	69.3 	56.1 	44.6 	36.3 	28.5 	26 	16.7 
PC_HH,VDSL,DEG3,DK	16.9 	17.1 	17.4 	16.1 	16.8 	15.8 	15.9 	20.6 	11 
PC_HH,VDSL,DEG3,EE	37.2 	35.3 	35.3 	35.3 	21.7 	20.8 	18.8 	16.9 	0 
PC_HH,VDSL,DEG3,EL	65.9 	55.4 	40.1 	37.2 	32.4 	1.1 	0.5 	0.5 	0 
PC_HH,VDSL,DEG3,ES	16 	15.1 	15.1 	15.1 	15 	15.2 	14.1 	14.1 	16 
PC_HH,VDSL,DEG3,EU27_2020	39 	37.2 	34.8 	28.6 	25.3 	19.5 	15.1 	12 	9.5 
PC_HH,VDSL,DEG3,FI	0 	0 	0 	0 	0 	0 	0 	0 	0 
PC_HH,VDSL,DEG3,FR	24.8 	24.5 	24.4 	24.3 	23.7 	22.9 	21.1 	17.7 	14.6 
PC_HH,VDSL,DEG3,HR	28.2 	22.7 	20.7 	18.6 	1.3 	0.2 	0 	0 	0 
PC_HH,VDSL,DEG3,HU	48.4 	46.5 	43.6 	37.8 	29 	22.3 	14.7 	9.4 	9.4 
PC_HH,VDSL,DEG3,IE	86.8 	86.2 	86.3 	84.9 	73.1 	48.9 	44.2 	21.6 	5.7 
PC_HH,VDSL,DEG3,IS	7.6 	14.8 	22 	24.6 	24.6 	22.9 	20 	18.9 	5.4 
PC_HH,VDSL,DEG3,IT	85.7 	76.9 	68.4 	42.6 	38.4 	15 	3.1 	0 	0 
PC_HH,VDSL,DEG3,LT	38.5 	1 	0.9 	0.9 	0.8 	0 	0 	0 	0 
PC_HH,VDSL,DEG3,LU	79.6 	83 	81 	85.8 	89.1 	88.2 	88.3 	88.1 	88.2 
PC_HH,VDSL,DEG3,LV	24.2 	22.9 	20 	20.2 	17 	17.7 	0 	0 	0 
PC_HH,VDSL,DEG3,MT	0 	0 	0 	0 	0 	0 	0 	0 	0 
PC_HH,VDSL,DEG3,NL	66.1 	66.2 	65.5 	60.4 	59.5 	53.8 	52.3 	51.1 	39.7 
PC_HH,VDSL,DEG3,NO	29.4 	27.3 	26.7 	24.6 	20.4 	18.8 	15.6 	13.4 	7.7 
PC_HH,VDSL,DEG3,PL	10.3 	17.3 	17.7 	17.3 	16.8 	15.4 	12.6 	9.4 	7.6 
PC_HH,VDSL,DEG3,PT	0 	0 	0 	0 	0 	0 	0 	0 	0 
PC_HH,VDSL,DEG3,RO	2.3 	2.2 	2.1 	1.8 	1.9 	2.1 	1.8 	1.8 	1.5 
PC_HH,VDSL,DEG3,SE	0.5 	0.7 	0.6 	0.6 	0.6 	0.8 	0.5 	0.5 	0.2 
PC_HH,VDSL,DEG3,SI	22 	21.9 	22.1 	21.7 	21.4 	19.4 	17.5 	16.4 	14 
PC_HH,VDSL,DEG3,SK	60.2 	46.4 	37 	37.8 	32.9 	27.7 	11.9 	0 	0 
PC_HH,VDSL,DEG3,UK	93.6 	92.3 	89.4 	86.6 	82.9 	76 	43.9 	42.4 	25.6 
PC_HH,VDSL,TOTAL,AT	78.7 	63.2 	49.7 	48.8 	48.5 	48.1 	47.8 	47.6 	47.4 
PC_HH,VDSL,TOTAL,BE	92.2 	96.8 	95.5 	94.4 	94 	92.5 	90.4 	90 	88.5 
PC_HH,VDSL,TOTAL,BG	18.2 	13.3 	8.8 	1.5 	0 	0 	0 	0 	0 
PC_HH,VDSL,TOTAL,CH	93.2 	90.9 	90.5 	90 	90 	88 	81.5 	79.7 	72.3 
PC_HH,VDSL,TOTAL,CY	100 	100 	100 	80 	75 	75 	68 	60.2 	54 
PC_HH,VDSL,TOTAL,CZ	84.7 	83.7 	83.7 	79.6 	77.4 	53.1 	52 	45.7 	41 
PC_HH,VDSL,TOTAL,DE	91.3 	89.2 	85.6 	76.9 	69 	58.8 	48.5 	42.2 	33.5 
PC_HH,VDSL,TOTAL,DK	59.4 	60.9 	61.5 	60.2 	62 	61.6 	63 	66.7 	21.7 
PC_HH,VDSL,TOTAL,EE	37.7 	40.2 	56.1 	55.2 	55.1 	55.2 	49.6 	44.6 	17.8 
PC_HH,VDSL,TOTAL,EL	81.3 	80.3 	74.2 	65.7 	52.3 	48.3 	36.1 	33.8 	26.7 
PC_HH,VDSL,TOTAL,ES	11.9 	11.6 	11.8 	11.8 	11.8 	11.8 	11 	11 	11 
PC_HH,VDSL,TOTAL,EU27_2020	54.5 	54.7 	53.1 	50.2 	47 	41.4 	33.5 	30.3 	25.3 
PC_HH,VDSL,TOTAL,FI	47 	48.7 	48.6 	48.5 	48.5 	48.4 	48.4 	48.4 	46 
PC_HH,VDSL,TOTAL,FR	15.7 	20.4 	19.7 	19.6 	18.9 	18.2 	16.7 	15.5 	13.4 
PC_HH,VDSL,TOTAL,HR	78.2 	81.1 	80.8 	76.9 	58.2 	44.2 	35.9 	31.4 	16.8 
PC_HH,VDSL,TOTAL,HU	50.8 	50.1 	50.7 	43.7 	40.2 	38.1 	28 	26.1 	24 
PC_HH,VDSL,TOTAL,IE	85.7 	92.5 	92.1 	91 	86.1 	80.6 	70.6 	60.8 	33.2 
PC_HH,VDSL,TOTAL,IS	84 	87.2 	90.5 	88 	88.1 	83.7 	79.6 	78.2 	43.2 
PC_HH,VDSL,TOTAL,IT	96 	92.7 	88.9 	87.9 	82.4 	66.4 	32.8 	24.3 	14.7 
PC_HH,VDSL,TOTAL,LT	40.1 	4.1 	3 	2.3 	1.2 	0 	0 	0 	0 
PC_HH,VDSL,TOTAL,LU	59.8 	65.5 	75.5 	78.3 	87.2 	88.2 	88.8 	88.8 	88.6 
PC_HH,VDSL,TOTAL,LV	19.1 	19 	18.2 	17.8 	17.8 	17.6 	14.8 	12.7 	12.4 
PC_HH,VDSL,TOTAL,MT	72 	72 	72 	72 	72 	72 	72 	75 	75 
PC_HH,VDSL,TOTAL,NL	59.5 	65.2 	64.3 	63.8 	61.5 	56.8 	54.9 	52.9 	51.6 
PC_HH,VDSL,TOTAL,NO	58.4 	59.1 	59.8 	59.8 	56.6 	49.9 	47.3 	36.5 	32.1 
PC_HH,VDSL,TOTAL,PL	26.6 	35.4 	37.2 	37.2 	37.8 	38.6 	38.7 	37.4 	35.9 
PC_HH,VDSL,TOTAL,PT	0 	0 	0 	0 	0 	0 	0 	0 	0 
PC_HH,VDSL,TOTAL,RO	9.1 	9.1 	9.2 	8.6 	9.4 	11 	11.8 	13.7 	15.9 
PC_HH,VDSL,TOTAL,SE	20.1 	21 	20.8 	22.3 	21 	21.9 	18.3 	18.3 	17.8 
PC_HH,VDSL,TOTAL,SI	56.6 	56.2 	56.2 	55.2 	59 	53.4 	52.8 	52.5 	51.6 
PC_HH,VDSL,TOTAL,SK	57.7 	39.3 	39.3 	39.5 	36.1 	28.7 	16.9 	11.7 	10.3 
PC_HH,VDSL,TOTAL,UK	94.3 	94.2 	90.2 	89.7 	88.4 	85 	82.8 	78.9 	67.9 
PC_HH,VDSL2V,DEG3,AT	24.2 	4 	2.5 	: 	: 	: 	: 	: 	: 
PC_HH,VDSL2V,DEG3,BE	18.4 	31.3 	31.4 	: 	: 	: 	: 	: 	: 
PC_HH,VDSL2V,DEG3,BG	0 	0 	0 	: 	: 	: 	: 	: 	: 
PC_HH,VDSL2V,DEG3,CH	86.3 	81.4 	37.4 	: 	: 	: 	: 	: 	: 
PC_HH,VDSL2V,DEG3,CY	25.7 	19.8 	15 	: 	: 	: 	: 	: 	: 
PC_HH,VDSL2V,DEG3,CZ	63.2 	61.1 	59.3 	: 	: 	: 	: 	: 	: 
PC_HH,VDSL2V,DEG3,DE	59.3 	51.3 	41 	: 	: 	: 	: 	: 	: 
PC_HH,VDSL2V,DEG3,DK	4.4 	4.4 	4.4 	: 	: 	: 	: 	: 	: 
PC_HH,VDSL2V,DEG3,EE	8.8 	7 	5.3 	: 	: 	: 	: 	: 	: 
PC_HH,VDSL2V,DEG3,EL	10 	9.9 	7.7 	: 	: 	: 	: 	: 	: 
PC_HH,VDSL2V,DEG3,ES	0 	0 	0 	: 	: 	: 	: 	: 	: 
PC_HH,VDSL2V,DEG3,EU27_2020	17.7 	15.1 	11.9 	: 	: 	: 	: 	: 	: 
PC_HH,VDSL2V,DEG3,FI	0 	0 	0 	: 	: 	: 	: 	: 	: 
PC_HH,VDSL2V,DEG3,FR	0 	0 	0 	: 	: 	: 	: 	: 	: 
PC_HH,VDSL2V,DEG3,HR	2.7 	2 	1.8 	: 	: 	: 	: 	: 	: 
PC_HH,VDSL2V,DEG3,HU	0 	0 	0 	: 	: 	: 	: 	: 	: 
PC_HH,VDSL2V,DEG3,IE	45.8 	24.9 	7.3 	: 	: 	: 	: 	: 	: 
PC_HH,VDSL2V,DEG3,IS	0.7 	1 	1.6 	: 	: 	: 	: 	: 	: 
PC_HH,VDSL2V,DEG3,IT	28 	16.7 	11.6 	: 	: 	: 	: 	: 	: 
PC_HH,VDSL2V,DEG3,LT	0 	0 	0 	: 	: 	: 	: 	: 	: 
PC_HH,VDSL2V,DEG3,LU	21.2 	15.1 	63.6 	: 	: 	: 	: 	: 	: 
PC_HH,VDSL2V,DEG3,LV	24.1 	22.8 	0 	: 	: 	: 	: 	: 	: 
PC_HH,VDSL2V,DEG3,MT	0 	0 	0 	: 	: 	: 	: 	: 	: 
PC_HH,VDSL2V,DEG3,NL	39.1 	4.4 	4.4 	: 	: 	: 	: 	: 	: 
PC_HH,VDSL2V,DEG3,NO	0 	0 	0 	: 	: 	: 	: 	: 	: 
PC_HH,VDSL2V,DEG3,PL	9.8 	16.9 	17.3 	: 	: 	: 	: 	: 	: 
PC_HH,VDSL2V,DEG3,PT	0 	0 	0 	: 	: 	: 	: 	: 	: 
PC_HH,VDSL2V,DEG3,RO	0 	0 	0 	: 	: 	: 	: 	: 	: 
PC_HH,VDSL2V,DEG3,SE	0 	0 	0 	: 	: 	: 	: 	: 	: 
PC_HH,VDSL2V,DEG3,SI	0 	0 	0 	: 	: 	: 	: 	: 	: 
PC_HH,VDSL2V,DEG3,SK	51 	34 	0 	: 	: 	: 	: 	: 	: 
PC_HH,VDSL2V,DEG3,UK	6.9 	6.3 	4.5 	: 	: 	: 	: 	: 	: 
PC_HH,VDSL2V,TOTAL,AT	50.7 	34.7 	21.7 	: 	: 	: 	: 	: 	: 
PC_HH,VDSL2V,TOTAL,BE	51.6 	54.6 	52.3 	: 	: 	: 	: 	: 	: 
PC_HH,VDSL2V,TOTAL,BG	0 	0 	0 	: 	: 	: 	: 	: 	: 
PC_HH,VDSL2V,TOTAL,CH	90.7 	87.3 	80.2 	: 	: 	: 	: 	: 	: 
PC_HH,VDSL2V,TOTAL,CY	43.5 	46.7 	38.6 	: 	: 	: 	: 	: 	: 
PC_HH,VDSL2V,TOTAL,CZ	84.6 	83.7 	82.9 	: 	: 	: 	: 	: 	: 
PC_HH,VDSL2V,TOTAL,DE	79.4 	72.7 	65.4 	: 	: 	: 	: 	: 	: 
PC_HH,VDSL2V,TOTAL,DK	15.3 	15.7 	15.7 	: 	: 	: 	: 	: 	: 
PC_HH,VDSL2V,TOTAL,EE	8.6 	7 	5.3 	: 	: 	: 	: 	: 	: 
PC_HH,VDSL2V,TOTAL,EL	53.7 	52.7 	48.7 	: 	: 	: 	: 	: 	: 
PC_HH,VDSL2V,TOTAL,ES	0 	0 	0 	: 	: 	: 	: 	: 	: 
PC_HH,VDSL2V,TOTAL,EU27_2020	36.7 	33 	30.4 	: 	: 	: 	: 	: 	: 
PC_HH,VDSL2V,TOTAL,FI	40.4 	41.9 	41.8 	: 	: 	: 	: 	: 	: 
PC_HH,VDSL2V,TOTAL,FR	0 	0 	0 	: 	: 	: 	: 	: 	: 
PC_HH,VDSL2V,TOTAL,HR	11.3 	10 	9.4 	: 	: 	: 	: 	: 	: 
PC_HH,VDSL2V,TOTAL,HU	0 	0 	0 	: 	: 	: 	: 	: 	: 
PC_HH,VDSL2V,TOTAL,IE	64.1 	62.9 	55.8 	: 	: 	: 	: 	: 	: 
PC_HH,VDSL2V,TOTAL,IS	64.3 	65.3 	67.6 	: 	: 	: 	: 	: 	: 
PC_HH,VDSL2V,TOTAL,IT	68.3 	59.9 	55.8 	: 	: 	: 	: 	: 	: 
PC_HH,VDSL2V,TOTAL,LT	0 	0 	0 	: 	: 	: 	: 	: 	: 
PC_HH,VDSL2V,TOTAL,LU	13.1 	8.8 	52.9 	: 	: 	: 	: 	: 	: 
PC_HH,VDSL2V,TOTAL,LV	19 	18.9 	0 	: 	: 	: 	: 	: 	: 
PC_HH,VDSL2V,TOTAL,MT	0 	0 	0 	: 	: 	: 	: 	: 	: 
PC_HH,VDSL2V,TOTAL,NL	44.9 	11.1 	10.8 	: 	: 	: 	: 	: 	: 
PC_HH,VDSL2V,TOTAL,NO	0 	0 	0 	: 	: 	: 	: 	: 	: 
PC_HH,VDSL2V,TOTAL,PL	18.7 	27.4 	29.3 	: 	: 	: 	: 	: 	: 
PC_HH,VDSL2V,TOTAL,PT	0 	0 	0 	: 	: 	: 	: 	: 	: 
PC_HH,VDSL2V,TOTAL,RO	0 	0 	0 	: 	: 	: 	: 	: 	: 
PC_HH,VDSL2V,TOTAL,SE	0 	0 	0 	: 	: 	: 	: 	: 	: 
PC_HH,VDSL2V,TOTAL,SI	0 	0 	0 	: 	: 	: 	: 	: 	: 
PC_HH,VDSL2V,TOTAL,SK	33.4 	21 	0 	: 	: 	: 	: 	: 	: 
PC_HH,VDSL2V,TOTAL,UK	17.8 	16.2 	12.3 	: 	: 	: 	: 	: 	: 
PC_HH,WIMAX,DEG3,AT	: 	: 	: 	11.1 	10.9 	11.6 	18 	18 	17.9 
PC_HH,WIMAX,DEG3,BE	: 	: 	: 	2.7 	2.4 	2.6 	3.3 	3.3 	3.3 
PC_HH,WIMAX,DEG3,BG	: 	: 	: 	0 	0 	0 	12.3 	12.3 	12.3 
PC_HH,WIMAX,DEG3,CH	: 	: 	: 	0 	0 	0 	0 	0 	0 
PC_HH,WIMAX,DEG3,CY	: 	: 	: 	0 	0 	0 	0 	0 	0 
PC_HH,WIMAX,DEG3,CZ	: 	: 	: 	74 	71.8 	83.5 	69.9 	70 	70.1 
PC_HH,WIMAX,DEG3,DE	: 	: 	: 	13.6 	13.6 	13.7 	14.2 	13.3 	13 
PC_HH,WIMAX,DEG3,DK	: 	: 	: 	8.6 	7.9 	5.6 	4 	0 	0 
PC_HH,WIMAX,DEG3,EE	: 	: 	: 	8.1 	8 	15.4 	43.1 	40 	38.7 
PC_HH,WIMAX,DEG3,EL	: 	: 	: 	0.8 	0.9 	0.8 	0.5 	0.4 	0.2 
PC_HH,WIMAX,DEG3,ES	: 	: 	: 	59 	56.4 	51.5 	49.8 	49.8 	51.7 
PC_HH,WIMAX,DEG3,EU27_2020	: 	: 	: 	17.8 	17.6 	17.6 	17.9 	17.8 	16.3 
PC_HH,WIMAX,DEG3,FI	: 	: 	: 	0 	0 	0 	1.1 	1.1 	0.1 
PC_HH,WIMAX,DEG3,FR	: 	: 	: 	0 	0 	0 	0 	0 	0 
PC_HH,WIMAX,DEG3,HR	: 	: 	: 	0 	0 	0 	3.2 	3.2 	0.2 
PC_HH,WIMAX,DEG3,HU	: 	: 	: 	0 	0 	0 	0 	0 	0 
PC_HH,WIMAX,DEG3,IE	: 	: 	: 	17.6 	17.6 	20.4 	20.4 	20.4 	20.4 
PC_HH,WIMAX,DEG3,IS	: 	: 	: 	27 	0 	0 	7 	7 	6.6 
PC_HH,WIMAX,DEG3,IT	: 	: 	: 	45 	45.1 	45.1 	47.1 	47.2 	38.2 
PC_HH,WIMAX,DEG3,LT	: 	: 	: 	1 	2.3 	7.2 	8.1 	9 	10.6 
PC_HH,WIMAX,DEG3,LU	: 	: 	: 	0 	0 	0 	0 	0 	0 
PC_HH,WIMAX,DEG3,LV	: 	: 	: 	17 	15.1 	24.7 	24.1 	28.6 	28.4 
PC_HH,WIMAX,DEG3,MT	: 	: 	: 	0 	0 	0 	100 	100 	100 
PC_HH,WIMAX,DEG3,NL	: 	: 	: 	0 	0 	0 	0 	0 	0 
PC_HH,WIMAX,DEG3,NO	: 	: 	: 	0 	0 	0 	0 	0 	34.1 
PC_HH,WIMAX,DEG3,PL	: 	: 	: 	1.2 	0.8 	0.9 	1.1 	0.9 	0.3 
PC_HH,WIMAX,DEG3,PT	: 	: 	: 	0 	0 	0 	0 	0 	0 
PC_HH,WIMAX,DEG3,RO	: 	: 	: 	32.5 	33.4 	33.5 	31.2 	33.2 	25.2 
PC_HH,WIMAX,DEG3,SE	: 	: 	: 	0 	0 	0 	0 	0 	0 
PC_HH,WIMAX,DEG3,SI	: 	: 	: 	4.7 	4.7 	4.8 	1.2 	1.2 	1.2 
PC_HH,WIMAX,DEG3,SK	: 	: 	: 	50 	50 	50 	50 	50.4 	50.4 
PC_HH,WIMAX,DEG3,UK	: 	: 	: 	0 	0 	0 	2.7 	2.7 	2.7 
PC_HH,WIMAX,TOTAL,AT	: 	: 	: 	12.1 	12.3 	12.4 	16.1 	16.5 	17.2 
PC_HH,WIMAX,TOTAL,BE	: 	: 	: 	14.8 	14.9 	14.8 	15 	15.1 	15.2 
PC_HH,WIMAX,TOTAL,BG	: 	: 	: 	0 	0 	0 	64.6 	64.6 	64.6 
PC_HH,WIMAX,TOTAL,CH	: 	: 	: 	0 	0 	0 	0 	0 	0 
PC_HH,WIMAX,TOTAL,CY	: 	: 	: 	0 	0 	0 	0 	0 	0 
PC_HH,WIMAX,TOTAL,CZ	: 	: 	: 	74.9 	79.8 	83.7 	70.6 	70.6 	70.6 
PC_HH,WIMAX,TOTAL,DE	: 	: 	: 	10.3 	10.3 	10 	10.4 	9.9 	12.8 
PC_HH,WIMAX,TOTAL,DK	: 	: 	: 	5.2 	5.1 	2.9 	3 	0 	0 
PC_HH,WIMAX,TOTAL,EE	: 	: 	: 	1.7 	1.7 	3.3 	9.4 	8.7 	8.4 
PC_HH,WIMAX,TOTAL,EL	: 	: 	: 	0.2 	0.2 	0.2 	0.1 	0.1 	0 
PC_HH,WIMAX,TOTAL,ES	: 	: 	: 	59.8 	57.5 	54.2 	57.1 	57.1 	55.2 
PC_HH,WIMAX,TOTAL,EU27_2020	: 	: 	: 	20.1 	20.1 	19.9 	21.2 	21.7 	21.8 
PC_HH,WIMAX,TOTAL,FI	: 	: 	: 	0 	0 	0 	2.3 	2.3 	2.2 
PC_HH,WIMAX,TOTAL,FR	: 	: 	: 	0 	0 	0 	0 	0 	0 
PC_HH,WIMAX,TOTAL,HR	: 	: 	: 	0.2 	0.2 	0 	2 	2 	0.1 
PC_HH,WIMAX,TOTAL,HU	: 	: 	: 	0 	0 	0 	0 	0 	0 
PC_HH,WIMAX,TOTAL,IE	: 	: 	: 	28 	28 	26.6 	26.6 	26.6 	26.6 
PC_HH,WIMAX,TOTAL,IS	: 	: 	: 	6.4 	4 	4 	4 	4 	4 
PC_HH,WIMAX,TOTAL,IT	: 	: 	: 	46.8 	46.9 	46.9 	47 	47.2 	48 
PC_HH,WIMAX,TOTAL,LT	: 	: 	: 	1 	2.3 	5 	6.1 	90.3 	85 
PC_HH,WIMAX,TOTAL,LU	: 	: 	: 	0 	0 	0 	0 	0 	0 
PC_HH,WIMAX,TOTAL,LV	: 	: 	: 	41.4 	38.5 	44.8 	44.9 	44.6 	40.4 
PC_HH,WIMAX,TOTAL,MT	: 	: 	: 	0 	0 	0 	100 	100 	100 
PC_HH,WIMAX,TOTAL,NL	: 	: 	: 	0 	0 	0 	0 	0 	0 
PC_HH,WIMAX,TOTAL,NO	: 	: 	: 	0 	0 	0 	0 	0 	38.9 
PC_HH,WIMAX,TOTAL,PL	: 	: 	: 	2.3 	1.9 	1.8 	2.4 	2.5 	0.4 
PC_HH,WIMAX,TOTAL,PT	: 	: 	: 	0 	0 	0 	0 	0 	0 
PC_HH,WIMAX,TOTAL,RO	: 	: 	: 	66.7 	67.3 	67.4 	65.5 	67.4 	60.7 
PC_HH,WIMAX,TOTAL,SE	: 	: 	: 	0 	0 	0 	0 	0 	0 
PC_HH,WIMAX,TOTAL,SI	: 	: 	: 	2.5 	2.6 	2.6 	0.3 	0.3 	0.3 
PC_HH,WIMAX,TOTAL,SK	: 	: 	: 	49.9 	49.9 	50 	50 	50.1 	49.9 
PC_HH,WIMAX,TOTAL,UK	: 	: 	: 	0 	0 	0 	4.2 	4.2 	4.2 
